"open","high","low","close","vwap","count","base_currency","base_issuer","base_volume","counter_currency","counter_issuer","counter_volume","open_time","close_time","start","buy_volume"
"0.00066934404","0.00066934404","0.00050000000","0.00050025013","0.00053483173","10","XRP","","10096.63365","USD","rvYAfWj5gh67oV6fW32ZzP3Aw4Eubs59B","5.4","2013-02-24T00:00:10Z","2013-02-26T19:34:20Z","2013-02-24T00:00:00Z",""
"0.00040000000","0.00052631579","0.00030303030","0.00052631579","0.00049369002","8","XRP","","54913","USD","rvYAfWj5gh67oV6fW32ZzP3Aw4Eubs59B","27.11","2013-02-27T08:17:50Z","2013-03-01T22:43:00Z","2013-02-27T00:00:00Z","NaN"
"0.00050000000","0.0016638935","0.00050000000","0.0016638935","0.0015444310","12","XRP","","68431.347484","USD","rvYAfWj5gh67oV6fW32ZzP3Aw4Eubs59B","105.6874964057143","2013-03-02T01:11:40Z","2013-03-04T13:36:10Z","2013-03-02T00:00:00Z","NaN"
"0.0010000001","0.0011111111","0.00074349442","0.00099009901","0.0010474311","6","XRP","","49650.959281","USD","rvYAfWj5gh67oV6fW32ZzP3Aw4Eubs59B","52.00595928143713","2013-03-05T13:14:00Z","2013-03-07T17:40:30Z","2013-03-05T00:00:00Z","NaN"
"0.00090909091","0.0010869565","0.00090909091","0.0010000000","0.0010003917","8","XRP","","305882.2","USD","rvYAfWj5gh67oV6fW32ZzP3Aw4Eubs59B","306.0019999936","2013-03-08T13:43:00Z","2013-03-10T20:09:50Z","2013-03-08T00:00:00Z","NaN"
"0.00099009901","0.0010526316","0.00040000000","0.00052631579","0.00092666276","68","XRP","","1102019.981632","USD","rvYAfWj5gh67oV6fW32ZzP3Aw4Eubs59B","1021.200872339537","2013-03-11T11:41:40Z","2013-03-13T23:38:50Z","2013-03-11T00:00:00Z","NaN"
"0.00052631579","0.00090991811","0.00035714286","0.00090991811","0.00054066752","31","XRP","","242459.114139","USD","rvYAfWj5gh67oV6fW32ZzP3Aw4Eubs59B","131.0897683978422","2013-03-14T00:29:20Z","2013-03-16T21:57:40Z","2013-03-14T00:00:00Z","NaN"
"0.0010416667","0.0010604454","0.00034482759","0.0010570825","0.00067799685","51","XRP","","1747588.10162","USD","rvYAfWj5gh67oV6fW32ZzP3Aw4Eubs59B","1184.859229340644","2013-03-17T07:51:40Z","2013-03-19T20:52:10Z","2013-03-17T00:00:00Z","NaN"
"0.00084745763","0.0014814815","0.00084745763","0.0011123471","0.0010782464","43","XRP","","190107.850158","USD","rvYAfWj5gh67oV6fW32ZzP3Aw4Eubs59B","204.9830989705266","2013-03-20T07:36:50Z","2013-03-22T21:38:20Z","2013-03-20T00:00:00Z","NaN"
"0.0011123471","0.0016666667","0.0010000000","0.0010266940","0.0010198510","27","XRP","","347389.502061","USD","rvYAfWj5gh67oV6fW32ZzP3Aw4Eubs59B","354.2855415456867","2013-03-23T01:24:40Z","2013-03-25T22:38:50Z","2013-03-23T00:00:00Z","NaN"
"0.0011111111","0.0016365809","0.00090909091","0.0011173184","0.0010308449","45","XRP","","1631365.194789","USD","rvYAfWj5gh67oV6fW32ZzP3Aw4Eubs59B","1681.684461382687","2013-03-26T13:19:40Z","2013-03-28T23:29:20Z","2013-03-26T00:00:00Z","NaN"
"0.0010860000","0.0011111111","0.00091074681","0.00098039216","0.0010537808","31","XRP","","629108.211557","USD","rvYAfWj5gh67oV6fW32ZzP3Aw4Eubs59B","662.9421566172886","2013-03-29T00:18:30Z","2013-03-31T23:13:50Z","2013-03-29T00:00:00Z","NaN"
"0.0010214609","0.0011111111","0.0010000000","0.0011111111","0.0010598713","42","XRP","","587529.153206","USD","rvYAfWj5gh67oV6fW32ZzP3Aw4Eubs59B","622.7052606326057","2013-04-01T07:46:00Z","2013-04-03T20:38:10Z","2013-04-01T00:00:00Z","NaN"
"0.0012903226","0.0020000000","0.0010040161","0.0012468828","0.0012487398","37","XRP","","312549.351458","USD","rvYAfWj5gh67oV6fW32ZzP3Aw4Eubs59B","390.2928134567388","2013-04-04T07:11:20Z","2013-04-06T16:28:20Z","2013-04-04T00:00:00Z","NaN"
"0.0012468828","0.0015384615","0.0010940919","0.0012500000","0.0012496984","122","XRP","","21501010.417059","USD","rvYAfWj5gh67oV6fW32ZzP3Aw4Eubs59B","26869.77785434115","2013-04-07T01:39:10Z","2013-04-09T21:19:10Z","2013-04-07T00:00:00Z","NaN"
"0.0012500000","0.0019607843","0.0010010010","0.0013333333","0.0011645068","55","XRP","","1369516.956891","USD","rvYAfWj5gh67oV6fW32ZzP3Aw4Eubs59B","1594.811817357496","2013-04-10T02:11:00Z","2013-04-12T17:55:40Z","2013-04-10T00:00:00Z","NaN"
"0.0019607843","0.0041000000","0.0013351135","0.0026367831","0.0027665135","148","XRP","","7863550.690319","USD","rvYAfWj5gh67oV6fW32ZzP3Aw4Eubs59B","21754.61899664221","2013-04-13T00:33:00Z","2013-04-15T22:51:30Z","2013-04-13T00:00:00Z","NaN"
"0.0035087719","0.0072992701","0.0025316456","0.0033333333","0.0040167912","216","XRP","","4437143.451911999","USD","rvYAfWj5gh67oV6fW32ZzP3Aw4Eubs59B","17823.07871239454","2013-04-16T00:27:30Z","2013-04-18T22:58:50Z","2013-04-16T00:00:00Z","NaN"
"0.0032894737","0.0041700000","0.0024390244","0.0026881793","0.0029252323","318","XRP","","3222501.572228","USD","rvYAfWj5gh67oV6fW32ZzP3Aw4Eubs59B","9426.565673035779","2013-04-19T00:39:50Z","2013-04-21T23:49:00Z","2013-04-19T00:00:00Z","NaN"
"0.0026885334","0.0039840637","0.0025641026","0.0031347982","0.0030697694","369","XRP","","7129669.029879998","USD","rvYAfWj5gh67oV6fW32ZzP3Aw4Eubs59B","21886.43960384767","2013-04-22T00:35:10Z","2013-04-24T23:50:20Z","2013-04-22T00:00:00Z","NaN"
"0.0031347962","0.0041823505","0.0031250000","0.0039419741","0.0038330631","275","XRP","","8507431.349726003","USD","rvYAfWj5gh67oV6fW32ZzP3Aw4Eubs59B","32609.52159705507","2013-04-25T00:11:40Z","2013-04-27T23:32:30Z","2013-04-25T00:00:00Z","NaN"
"0.0041823330","0.0069930070","0.0027777778","0.0043478261","0.0041570004","397","XRP","","4601194.550553998","USD","rvYAfWj5gh67oV6fW32ZzP3Aw4Eubs59B","19127.16741278665","2013-04-28T01:15:00Z","2013-04-30T22:19:40Z","2013-04-28T00:00:00Z","NaN"
"0.0043478261","0.0089900000","0.0040160643","0.0083333333","0.0050432246","475","XRP","","3882885.549424999","USD","rvYAfWj5gh67oV6fW32ZzP3Aw4Eubs59B","19582.26407016322","2013-05-01T00:02:20Z","2013-05-03T23:07:40Z","2013-05-01T00:00:00Z","NaN"
"0.0083333333","0.020000000","0.0074074074","0.013140432","0.013336965","841","XRP","","6467124.066663004","USD","rvYAfWj5gh67oV6fW32ZzP3Aw4Eubs59B","86251.8074915579","2013-05-04T00:53:00Z","2013-05-06T23:45:20Z","2013-05-04T00:00:00Z","NaN"
"0.012580199","0.015151515","0.011764706","0.013986014","0.013931107","536","XRP","","5200230.780029001","USD","rvYAfWj5gh67oV6fW32ZzP3Aw4Eubs59B","72444.97350233767","2013-05-07T00:04:20Z","2013-05-09T22:38:20Z","2013-05-07T00:00:00Z","NaN"
"0.014302059","0.014492754","0.0067567568","0.011363636","0.011051450","912","XRP","","5747327.793855","USD","rvYAfWj5gh67oV6fW32ZzP3Aw4Eubs59B","63516.30572489824","2013-05-10T01:53:40Z","2013-05-12T23:46:10Z","2013-05-10T00:00:00Z","NaN"
"0.011363636","0.014907571","0.010256410","0.012738854","0.012654411","1469","XRP","","2898525.074018999","USD","rvYAfWj5gh67oV6fW32ZzP3Aw4Eubs59B","36679.12850023605","2013-05-13T00:02:20Z","2013-05-15T23:39:30Z","2013-05-13T00:00:00Z","NaN"
"0.014084467","0.020000000","0.011764706","0.018639329","0.016607755","2017","XRP","","6500276.244502001","USD","rvYAfWj5gh67oV6fW32ZzP3Aw4Eubs59B","107954.9956449965","2013-05-16T00:26:30Z","2013-05-18T23:54:50Z","2013-05-16T00:00:00Z","NaN"
"0.016952026","0.019995065","0.016393443","0.017921147","0.017981088","1184","XRP","","3154494.480836","USD","rvYAfWj5gh67oV6fW32ZzP3Aw4Eubs59B","56721.24393007629","2013-05-19T00:05:50Z","2013-05-21T23:59:20Z","2013-05-19T00:00:00Z","NaN"
"0.017964287","0.019995000","0.013360053","0.015151515","0.015979645","1024","XRP","","7184746.037867004","USD","rvYAfWj5gh67oV6fW32ZzP3Aw4Eubs59B","114809.6920408441","2013-05-22T00:05:40Z","2013-05-24T23:25:30Z","2013-05-22T00:00:00Z","NaN"
"0.015151515","0.016666667","0.014600672","0.015515904","0.015486435","375","XRP","","2640380.063969001","USD","rvYAfWj5gh67oV6fW32ZzP3Aw4Eubs59B","40890.07314945666","2013-05-25T00:02:10Z","2013-05-27T22:30:10Z","2013-05-25T00:00:00Z","NaN"
"0.016038492","0.018145527","0.014705882","0.015810277","0.016071362","607","XRP","","3945187.503766998","USD","rvYAfWj5gh67oV6fW32ZzP3Aw4Eubs59B","63404.53765266068","2013-05-28T00:08:30Z","2013-05-30T23:59:30Z","2013-05-28T00:00:00Z","NaN"
"0.015401201","0.019040321","0.015006002","0.019040321","0.017300815","1245","XRP","","8572623.212418996","USD","rvYAfWj5gh67oV6fW32ZzP3Aw4Eubs59B","148313.3658026828","2013-05-31T00:47:41Z","2013-06-02T23:22:40Z","2013-05-31T00:00:00Z","NaN"
"0.018866145","0.019584763","0.015873016","0.018867925","0.017707346","1089","XRP","","7724186.557676001","USD","rvYAfWj5gh67oV6fW32ZzP3Aw4Eubs59B","136774.8426980827","2013-06-03T00:24:30Z","2013-06-05T23:49:20Z","2013-06-03T00:00:00Z","NaN"
"0.018900000","0.020040080","0.017705382","0.018867925","0.018810088","949","XRP","","11312944.59036701","USD","rvYAfWj5gh67oV6fW32ZzP3Aw4Eubs59B","212797.4776457456","2013-06-06T00:06:00Z","2013-06-08T22:27:50Z","2013-06-06T00:00:00Z","NaN"
"0.018867925","0.019230769","0.017155601","0.017825312","0.017962689","858","XRP","","11621060.10980801","USD","rvYAfWj5gh67oV6fW32ZzP3Aw4Eubs59B","208745.4850080952","2013-06-09T00:02:50Z","2013-06-11T23:47:00Z","2013-06-09T00:00:00Z","NaN"
"0.018181818","0.018491124","0.016014235","0.016949153","0.017345249","804","XRP","","7372661.795353007","USD","rvYAfWj5gh67oV6fW32ZzP3Aw4Eubs59B","127880.6581851748","2013-06-12T00:07:50Z","2013-06-14T23:45:00Z","2013-06-12T00:00:00Z","NaN"
"0.016806723","0.022411871","0.015339776","0.015822785","0.016326372","616","XRP","","4359441.937860997","USD","rvYAfWj5gh67oV6fW32ZzP3Aw4Eubs59B","71173.87257971457","2013-06-15T00:16:10Z","2013-06-17T23:46:20Z","2013-06-15T00:00:00Z","NaN"
"0.015822785","0.017452922","0.015600624","0.016254876","0.016283413","556","XRP","","5771352.830786001","USD","rvYAfWj5gh67oV6fW32ZzP3Aw4Eubs59B","93977.31894780643","2013-06-18T00:26:30Z","2013-06-20T23:56:50Z","2013-06-18T00:00:00Z","NaN"
"0.016064257","0.020939280","0.012500000","0.013700507","0.014318572","711","XRP","","7098637.295686004","USD","rvYAfWj5gh67oV6fW32ZzP3Aw4Eubs59B","101642.3481072272","2013-06-21T00:21:20Z","2013-06-23T23:58:30Z","2013-06-21T00:00:00Z","NaN"
"0.013704262","0.016666667","0.013698630","0.015625244","0.015046344","419","XRP","","4527927.179608","USD","rvYAfWj5gh67oV6fW32ZzP3Aw4Eubs59B","68128.74990173652","2013-06-24T00:27:50Z","2013-06-26T23:49:10Z","2013-06-24T00:00:00Z","NaN"
"0.015625244","0.016666667","0.014285714","0.014603017","0.015347037","308","XRP","","4058161.141608002","USD","rvYAfWj5gh67oV6fW32ZzP3Aw4Eubs59B","62280.74988485679","2013-06-27T00:05:40Z","2013-06-29T22:37:40Z","2013-06-27T00:00:00Z","NaN"
"0.014603017","0.014854427","0.013392857","0.013648151","0.014024623","343","XRP","","2812645.239089001","USD","rvYAfWj5gh67oV6fW32ZzP3Aw4Eubs59B","39446.28819546122","2013-06-30T00:29:40Z","2013-07-02T20:28:50Z","2013-06-30T00:00:00Z","NaN"
"0.013698630","0.12947354","0.011494253","0.011494253","0.013243956","590","XRP","","7786226.381969001","USD","rvYAfWj5gh67oV6fW32ZzP3Aw4Eubs59B","103120.4406887573","2013-07-03T00:22:00Z","2013-07-05T23:55:10Z","2013-07-03T00:00:00Z","NaN"
"0.011475786","0.011665889","0.010256410","0.010266940","0.011182695","476","XRP","","4381353.595767003","USD","rvYAfWj5gh67oV6fW32ZzP3Aw4Eubs59B","48995.34179981469","2013-07-06T00:05:00Z","2013-07-08T23:40:10Z","2013-07-06T00:00:00Z","NaN"
"0.010289124","0.011428571","0.010114291","0.011248594","0.010576302","214","XRP","","2400104.941187001","USD","rvYAfWj5gh67oV6fW32ZzP3Aw4Eubs59B","25384.23499363423","2013-07-09T00:06:50Z","2013-07-11T23:46:40Z","2013-07-09T00:00:00Z","NaN"
"0.011412429","0.011511454","0.010309278","0.010309278","0.010795739","197","XRP","","1124815.610877","USD","rvYAfWj5gh67oV6fW32ZzP3Aw4Eubs59B","12143.21605409425","2013-07-12T00:53:10Z","2013-07-14T23:55:00Z","2013-07-12T00:00:00Z","NaN"
"0.010258620","0.010498688","0.0076086957","0.0085984523","0.0090616488","480","XRP","","5653102.158404","USD","rvYAfWj5gh67oV6fW32ZzP3Aw4Eubs59B","51226.42666296275","2013-07-15T02:18:10Z","2013-07-17T23:58:50Z","2013-07-15T00:00:00Z","NaN"
"0.0085984523","0.0089285714","0.0049504950","0.0079502252","0.0066053557","373","XRP","","6626136.783969997","USD","rvYAfWj5gh67oV6fW32ZzP3Aw4Eubs59B","43767.99066238703","2013-07-18T00:06:00Z","2013-07-20T22:46:10Z","2013-07-18T00:00:00Z","NaN"
"0.0080000000","0.0080556657","0.0055555556","0.0060606061","0.0064099650","229","XRP","","1789917.945962","USD","rvYAfWj5gh67oV6fW32ZzP3Aw4Eubs59B","11473.3113698588","2013-07-21T00:57:11Z","2013-07-23T23:44:30Z","2013-07-21T00:00:00Z","NaN"
"0.0060606061","0.0076045627","0.0055248619","0.0071428520","0.0067229765","195","XRP","","1613315.637736","USD","rvYAfWj5gh67oV6fW32ZzP3Aw4Eubs59B","10846.28317622569","2013-07-24T00:44:10Z","2013-07-26T23:15:30Z","2013-07-24T00:00:00Z","NaN"
"0.0071377536","0.0074621241","0.0049920000","0.0059880239","0.0060224492","329","XRP","","3206130.998886999","USD","rvYAfWj5gh67oV6fW32ZzP3Aw4Eubs59B","19308.76122254096","2013-07-27T01:36:10Z","2013-07-29T21:30:20Z","2013-07-27T00:00:00Z","NaN"
"0.0061000000","0.0064102564","0.0053219769","0.0053219769","0.0058740927","564","XRP","","2737631.663025","USD","rvYAfWj5gh67oV6fW32ZzP3Aw4Eubs59B","16081.10222244482","2013-07-30T00:39:40Z","2013-08-01T23:40:30Z","2013-07-30T00:00:00Z","NaN"
"0.0053219798","0.0060601984","0.0053219798","0.0053908327","0.0056942373","206","XRP","","1242640.071291","USD","rvYAfWj5gh67oV6fW32ZzP3Aw4Eubs59B","7075.887498404287","2013-08-02T00:16:00Z","2013-08-04T23:55:20Z","2013-08-02T00:00:00Z","NaN"
"0.0054054025","0.0057142857","0.0039984006","0.0040983119","0.0047404692","525","XRP","","6913944.939315004","USD","rvYAfWj5gh67oV6fW32ZzP3Aw4Eubs59B","32775.3433524928","2013-08-05T00:08:20Z","2013-08-07T23:25:10Z","2013-08-05T00:00:00Z","NaN"
"0.0040983119","0.0042372881","0.0037560096","0.0039824216","0.0039856957","357","XRP","","2219196.793025","USD","rvYAfWj5gh67oV6fW32ZzP3Aw4Eubs59B","8845.043146139931","2013-08-08T00:08:10Z","2013-08-10T19:27:30Z","2013-08-08T00:00:00Z","NaN"
"0.0039681028","0.020015159","0.0036231594","0.0038461124","0.0038785641","383","XRP","","1953228.906912001","USD","rvYAfWj5gh67oV6fW32ZzP3Aw4Eubs59B","7575.723600252702","2013-08-11T00:28:20Z","2013-08-13T23:16:30Z","2013-08-11T00:00:00Z","NaN"
"0.0037594028","0.0096719577","0.0022727273","0.0042553191","0.0032831028","651","XRP","","27663937.11122999","USD","rvYAfWj5gh67oV6fW32ZzP3Aw4Eubs59B","90823.54850368497","2013-08-14T00:12:20Z","2013-08-16T23:00:50Z","2013-08-14T00:00:00Z","NaN"
"0.0044444444","0.0069792437","0.0035765379","0.0046533293","0.0048910475","302","XRP","","9923697.45009","USD","rvYAfWj5gh67oV6fW32ZzP3Aw4Eubs59B","48537.27536699406","2013-08-17T01:41:10Z","2013-08-19T22:27:20Z","2013-08-17T00:00:00Z","NaN"
"0.0051282051","0.0058105752","0.0042372881","0.0045454545","0.0050461924","273","XRP","","6476381.681720998","USD","rvYAfWj5gh67oV6fW32ZzP3Aw4Eubs59B","32681.06773399421","2013-08-20T00:25:40Z","2013-08-22T23:46:10Z","2013-08-20T00:00:00Z","NaN"
"0.0045516614","0.0057295646","0.0044189129","0.0051948052","0.0048775770","171","XRP","","2274507.940069","USD","rvYAfWj5gh67oV6fW32ZzP3Aw4Eubs59B","11094.08770139599","2013-08-23T03:19:30Z","2013-08-25T22:19:40Z","2013-08-23T00:00:00Z","NaN"
"0.0055248619","0.0074074074","0.0052631579","0.0060975610","0.0060327960","185","XRP","","4320133.637074","USD","rvYAfWj5gh67oV6fW32ZzP3Aw4Eubs59B","26062.48490977949","2013-08-26T01:12:20Z","2013-08-28T23:38:20Z","2013-08-26T00:00:00Z","NaN"
"0.0058823529","0.0063000000","0.0050763998","0.0054054056","0.0056111608","103","XRP","","1502219.073473","USD","rvYAfWj5gh67oV6fW32ZzP3Aw4Eubs59B","8429.192729055007","2013-08-29T03:45:40Z","2013-08-31T23:39:10Z","2013-08-29T00:00:00Z","NaN"
"0.0052659294","0.0057471264","0.0051282051","0.0056785917","0.0055238366","45","XRP","","477710.607185","USD","rvYAfWj5gh67oV6fW32ZzP3Aw4Eubs59B","2638.795353370064","2013-09-01T00:13:50Z","2013-09-03T23:15:00Z","2013-09-01T00:00:00Z","NaN"
"0.0056753689","0.0061881188","0.0055555555","0.0061881188","0.0059250525","83","XRP","","400172.501249","USD","rvYAfWj5gh67oV6fW32ZzP3Aw4Eubs59B","2371.043069145727","2013-09-04T00:51:50Z","2013-09-06T22:37:30Z","2013-09-04T00:00:00Z","NaN"
"0.0059171598","0.0061274510","0.0055555556","0.0060569352","0.0058131771","66","XRP","","527099.808359","USD","rvYAfWj5gh67oV6fW32ZzP3Aw4Eubs59B","3064.124522630482","2013-09-07T01:07:40Z","2013-09-09T21:25:20Z","2013-09-07T00:00:00Z","NaN"
"0.0058142915","0.0061349693","0.0046083162","0.0057800127","0.0052953753","136","XRP","","4353337.652714001","USD","rvYAfWj5gh67oV6fW32ZzP3Aw4Eubs59B","23052.55667163471","2013-09-10T02:57:20Z","2013-09-12T18:15:50Z","2013-09-10T00:00:00Z","NaN"
"0.0057471264","0.0061800878","0.0055865922","0.0061728395","0.0059848209","80","XRP","","2025656.589309","USD","rvYAfWj5gh67oV6fW32ZzP3Aw4Eubs59B","12123.19192916391","2013-09-13T00:40:20Z","2013-09-15T22:01:50Z","2013-09-13T00:00:00Z","NaN"
"0.0062500000","0.023372131","0.0059171598","0.011415525","0.0087893596","460","XRP","","5581041.292433999","USD","rvYAfWj5gh67oV6fW32ZzP3Aw4Eubs59B","49053.77904923029","2013-09-16T00:04:10Z","2013-09-18T23:45:30Z","2013-09-16T00:00:00Z","NaN"
"0.011441648","0.012432004","0.0089999999","0.010193680","0.0098786094","217","XRP","","2098185.32124","USD","rvYAfWj5gh67oV6fW32ZzP3Aw4Eubs59B","20727.15328378232","2013-09-19T00:15:30Z","2013-09-21T23:26:10Z","2013-09-19T00:00:00Z","NaN"
"0.010193680","0.013535337","0.0095238095","0.010415582","0.010004170","278","XRP","","2942495.384619","USD","rvYAfWj5gh67oV6fW32ZzP3Aw4Eubs59B","29437.22336863217","2013-09-22T00:15:30Z","2013-09-24T23:53:30Z","2013-09-22T00:00:00Z","NaN"
"0.010362694","0.013806624","0.0097465887","0.012903226","0.012155397","500","XRP","","5684594.217000002","USD","rvYAfWj5gh67oV6fW32ZzP3Aw4Eubs59B","69098.49881415413","2013-09-25T00:27:40Z","2013-09-27T22:27:20Z","2013-09-25T00:00:00Z","NaN"
"0.013495277","0.024076820","0.0086580087","0.011111111","0.011489621","277","XRP","","1839031.119852999","USD","rvYAfWj5gh67oV6fW32ZzP3Aw4Eubs59B","21129.77111407871","2013-09-28T00:17:20Z","2013-09-30T23:44:40Z","2013-09-28T00:00:00Z","NaN"
"0.010989132","0.011734335","0.0066666667","0.0086956522","0.0086557023","324","XRP","","4071025.308226003","USD","rvYAfWj5gh67oV6fW32ZzP3Aw4Eubs59B","35237.58322880166","2013-10-01T01:05:10Z","2013-10-03T23:33:50Z","2013-10-01T00:00:00Z","NaN"
"0.0083333333","0.024687202","0.0082304527","0.011235955","0.010460672","299","XRP","","1530367.175146","USD","rvYAfWj5gh67oV6fW32ZzP3Aw4Eubs59B","16008.66958441273","2013-10-04T00:13:00Z","2013-10-06T23:55:50Z","2013-10-04T00:00:00Z","NaN"
"0.0097751702","0.011363636","0.0091240876","0.0096209352","0.010013028","216","XRP","","1391911.480761","USD","rvYAfWj5gh67oV6fW32ZzP3Aw4Eubs59B","13937.24873458823","2013-10-07T00:27:20Z","2013-10-09T23:28:50Z","2013-10-07T00:00:00Z","NaN"
"0.010100000","0.010300040","0.0066671111","0.0087642419","0.0088012463","297","XRP","","2320940.497489","USD","rvYAfWj5gh67oV6fW32ZzP3Aw4Eubs59B","20427.16888622621","2013-10-10T00:22:20Z","2013-10-12T22:58:40Z","2013-10-10T00:00:00Z","NaN"
"0.0086132644","0.0086132644","0.0075187970","0.0080006401","0.0079245026","331","XRP","","2193266.372503","USD","rvYAfWj5gh67oV6fW32ZzP3Aw4Eubs59B","17380.54506734819","2013-10-13T02:25:40Z","2013-10-15T23:56:40Z","2013-10-13T00:00:00Z","NaN"
"0.0080775444","0.0082644628","0.0066671111","0.0074074074","0.0075601704","302","XRP","","2714903.026659998","USD","rvYAfWj5gh67oV6fW32ZzP3Aw4Eubs59B","20525.12961701682","2013-10-16T00:03:20Z","2013-10-18T17:20:20Z","2013-10-16T00:00:00Z","NaN"
"0.0074100000","0.0075987842","0.0060716454","0.0066181337","0.0067679397","355","XRP","","4206825.015829002","USD","rvYAfWj5gh67oV6fW32ZzP3Aw4Eubs59B","28471.53783216892","2013-10-19T01:03:30Z","2013-10-21T23:47:30Z","2013-10-19T00:00:00Z","NaN"
"0.0065832785","0.010968426","0.0061162080","0.0077519380","0.0074426794","373","XRP","","4303792.710111001","USD","rvYAfWj5gh67oV6fW32ZzP3Aw4Eubs59B","32031.74935635809","2013-10-22T00:07:50Z","2013-10-24T23:48:10Z","2013-10-22T00:00:00Z","NaN"
"0.0079302141","0.0088386966","0.0052882073","0.0065359477","0.0063945711","792","XRP","","7348447.513323995","USD","rvYAfWj5gh67oV6fW32ZzP3Aw4Eubs59B","46990.17002414327","2013-10-25T00:34:00Z","2013-10-27T21:54:50Z","2013-10-25T00:00:00Z","NaN"
"0.0063331222","0.035813941","0.0052631579","0.0058823529","0.0058013986","661","XRP","","7091955.496332996","USD","rvYAfWj5gh67oV6fW32ZzP3Aw4Eubs59B","41143.2605780676","2013-10-28T00:22:10Z","2013-10-30T23:57:00Z","2013-10-28T00:00:00Z","NaN"
"0.0058823529","0.0084331253","0.0057504313","0.0068965517","0.0065541215","455","XRP","","7031137.11603","USD","rvYAfWj5gh67oV6fW32ZzP3Aw4Eubs59B","46082.92704403082","2013-10-31T00:01:20Z","2013-11-02T23:58:50Z","2013-10-31T00:00:00Z","NaN"
"0.0065146580","0.0076330051","0.0062893082","0.0071942446","0.0067344761","491","XRP","","12799777.10587001","USD","rvYAfWj5gh67oV6fW32ZzP3Aw4Eubs59B","86199.79362784544","2013-11-03T00:07:10Z","2013-11-05T23:44:20Z","2013-11-03T00:00:00Z","NaN"
"0.0071942446","0.011110988","0.0071942446","0.0076923077","0.0089231067","847","XRP","","9775535.381421003","USD","rvYAfWj5gh67oV6fW32ZzP3Aw4Eubs59B","87228.14557430038","2013-11-06T00:01:00Z","2013-11-08T23:50:40Z","2013-11-06T00:00:00Z","NaN"
"0.0090826521","0.0095238095","0.0072463768","0.0086206897","0.0081540558","607","XRP","","5637269.232605997","USD","rvYAfWj5gh67oV6fW32ZzP3Aw4Eubs59B","45966.60785830363","2013-11-09T00:30:20Z","2013-11-11T23:56:20Z","2013-11-09T00:00:00Z","NaN"
"0.0082987552","0.010869565","0.0082644628","0.0098039216","0.0094650924","585","XRP","","7600779.435895999","USD","rvYAfWj5gh67oV6fW32ZzP3Aw4Eubs59B","71942.07938353412","2013-11-12T00:56:20Z","2013-11-14T23:58:20Z","2013-11-12T00:00:00Z","NaN"
"0.0098039216","0.010152284","0.0083689012","0.0089285714","0.0092785100","350","XRP","","4254356.107546999","USD","rvYAfWj5gh67oV6fW32ZzP3Aw4Eubs59B","39474.08567422177","2013-11-15T00:04:30Z","2013-11-17T23:31:30Z","2013-11-15T00:00:00Z","NaN"
"0.0089285714","0.0096209352","0.0071428571","0.0083682008","0.0080739820","728","XRP","","10988760.343028","USD","rvYAfWj5gh67oV6fW32ZzP3Aw4Eubs59B","88723.05323181911","2013-11-18T00:36:50Z","2013-11-20T23:50:10Z","2013-11-18T00:00:00Z","NaN"
"0.0083542189","0.010989011","0.0080012802","0.010297601","0.0094615372","1169","XRP","","10416772.086674","USD","rvYAfWj5gh67oV6fW32ZzP3Aw4Eubs59B","98558.67672244136","2013-11-21T00:15:00Z","2013-11-23T23:49:40Z","2013-11-21T00:00:00Z","NaN"
"0.010297601","0.033333333","0.0098039216","0.028571429","0.021320637","3529","XRP","","53596132.5173531","USD","rvYAfWj5gh67oV6fW32ZzP3Aw4Eubs59B","1142703.695122288","2013-11-24T00:33:00Z","2013-11-26T23:57:30Z","2013-11-24T00:00:00Z","NaN"
"0.029002320","0.032258065","0.016949153","0.028571429","0.025893922","2339","XRP","","23098551.56063902","USD","rvYAfWj5gh67oV6fW32ZzP3Aw4Eubs59B","598112.0935028992","2013-11-27T00:00:40Z","2013-11-29T23:57:30Z","2013-11-27T00:00:00Z","NaN"
"0.028571429","0.10000000","0.028500000","0.049504950","0.045054188","2862","XRP","","24058180.43025396","USD","rvYAfWj5gh67oV6fW32ZzP3Aw4Eubs59B","1083921.79191223","2013-11-30T00:00:00Z","2013-12-02T23:48:20Z","2013-11-30T00:00:00Z","NaN"
"0.049504950","0.066577896","0.036100000","0.053290000","0.051631517","3299","XRP","","16005825.93204303","USD","rvYAfWj5gh67oV6fW32ZzP3Aw4Eubs59B","826405.070197318","2013-12-03T00:09:30Z","2013-12-05T23:59:30Z","2013-12-03T00:00:00Z","NaN"
"0.052603893","0.062500000","0.027800945","0.034482759","0.040515866","3572","XRP","","15534638.24760698","USD","rvYAfWj5gh67oV6fW32ZzP3Aw4Eubs59B","629399.3168435519","2013-12-06T00:00:20Z","2013-12-08T23:53:20Z","2013-12-06T00:00:00Z","NaN"
"0.034482759","0.047000000","0.033466010","0.036900369","0.039543998","2062","XRP","","7276953.362343989","USD","rvYAfWj5gh67oV6fW32ZzP3Aw4Eubs59B","287759.8324606897","2013-12-09T00:04:50Z","2013-12-11T23:58:40Z","2013-12-09T00:00:00Z","NaN"
"0.036900369","0.038440189","0.028571429","0.029585799","0.033693875","1783","XRP","","8917098.73420401","USD","rvYAfWj5gh67oV6fW32ZzP3Aw4Eubs59B","300451.6132787297","2013-12-12T00:01:20Z","2013-12-14T23:59:40Z","2013-12-12T00:00:00Z","NaN"
"0.030030030","0.031000000","0.014285714","0.019417476","0.021482845","4171","XRP","","28400544.95559609","USD","rvYAfWj5gh67oV6fW32ZzP3Aw4Eubs59B","610124.5108067329","2013-12-15T00:00:40Z","2013-12-17T23:53:20Z","2013-12-15T00:00:00Z","NaN"
"0.019230769","0.027005131","0.012195122","0.022394043","0.019762106","4171","XRP","","19458349.27611599","USD","rvYAfWj5gh67oV6fW32ZzP3Aw4Eubs59B","384537.9603646876","2013-12-18T00:07:20Z","2013-12-20T23:59:50Z","2013-12-18T00:00:00Z","NaN"
"0.022391804","0.024063410","0.020000000","0.023590000","0.022396794","2472","XRP","","6691079.542464","USD","rvYAfWj5gh67oV6fW32ZzP3Aw4Eubs59B","149858.7277149124","2013-12-21T00:00:00Z","2013-12-23T23:56:00Z","2013-12-21T00:00:00Z","NaN"
"0.023474178","0.027410000","0.021739130","0.026312369","0.023238359","1913","XRP","","7174278.989634988","USD","rvYAfWj5gh67oV6fW32ZzP3Aw4Eubs59B","166718.4693380368","2013-12-24T00:01:00Z","2013-12-26T23:56:00Z","2013-12-24T00:00:00Z","NaN"
"0.027330000","0.033333333","0.024000000","0.026522547","0.027194318","2615","XRP","","6237562.865933996","USD","rvYAfWj5gh67oV6fW32ZzP3Aw4Eubs59B","169626.2680607178","2013-12-27T00:01:10Z","2013-12-29T23:58:30Z","2013-12-27T00:00:00Z","NaN"
"0.026522547","0.033167496","0.026315786","0.026315789","0.026990565","1405","XRP","","6146539.801745003","USD","rvYAfWj5gh67oV6fW32ZzP3Aw4Eubs59B","165898.5821850228","2013-12-30T00:01:00Z","2014-01-01T23:57:20Z","2013-12-30T00:00:00Z","NaN"
"0.026300000","0.029893489","0.025608195","0.026511135","0.026849055","1859","XRP","","5104763.157919989","USD","rvYAfWj5gh67oV6fW32ZzP3Aw4Eubs59B","137058.0691111289","2014-01-02T00:06:10Z","2014-01-04T23:51:30Z","2014-01-02T00:00:00Z","NaN"
"0.025839793","0.030000000","0.022779043","0.023292670","0.026143491","3037","XRP","","7000728.382712008","USD","rvYAfWj5gh67oV6fW32ZzP3Aw4Eubs59B","183023.478251892","2014-01-05T00:01:00Z","2014-01-07T23:58:20Z","2014-01-05T00:00:00Z","NaN"
"0.023292670","0.025000000","0.020000000","0.022395748","0.022140046","2846","XRP","","8612974.919997027","USD","rvYAfWj5gh67oV6fW32ZzP3Aw4Eubs59B","190691.6626394047","2014-01-08T00:02:50Z","2014-01-10T23:59:50Z","2014-01-08T00:00:00Z","NaN"
"0.022395748","0.023293986","0.020080000","0.021052632","0.022026661","2064","XRP","","6071130.481608992","USD","rvYAfWj5gh67oV6fW32ZzP3Aw4Eubs59B","133726.734388166","2014-01-11T00:07:30Z","2014-01-13T23:59:30Z","2014-01-11T00:00:00Z","NaN"
"0.021430000","0.022600000","0.020000000","0.021030494","0.021232142","2433","XRP","","4972959.912485987","USD","rvYAfWj5gh67oV6fW32ZzP3Aw4Eubs59B","105586.5895714915","2014-01-14T00:24:20Z","2014-01-16T23:57:40Z","2014-01-14T00:00:00Z","NaN"
"0.021032366","0.021500000","0.018208303","0.019230768","0.020262048","2535","XRP","","4267691.646102999","USD","rvYAfWj5gh67oV6fW32ZzP3Aw4Eubs59B","86472.17209431453","2014-01-17T00:01:40Z","2014-01-19T23:54:30Z","2014-01-17T00:00:00Z","NaN"
"0.019250000","0.020000000","0.017806268","0.018732000","0.019043775","2119","XRP","","5330038.132019002","USD","rvYAfWj5gh67oV6fW32ZzP3Aw4Eubs59B","101504.0493057195","2014-01-20T00:02:40Z","2014-01-22T23:56:50Z","2014-01-20T00:00:00Z","NaN"
"0.018643000","0.018946105","0.016000000","0.017857143","0.017791834","2020","XRP","","6422550.638070983","USD","rvYAfWj5gh67oV6fW32ZzP3Aw4Eubs59B","114268.9577519979","2014-01-23T00:07:20Z","2014-01-25T23:45:00Z","2014-01-23T00:00:00Z","NaN"
"0.017857143","0.020833333","0.017720128","0.020090000","0.019628031","2171","XRP","","4547258.453008997","USD","rvYAfWj5gh67oV6fW32ZzP3Aw4Eubs59B","89253.72901320239","2014-01-26T00:08:20Z","2014-01-28T23:55:40Z","2014-01-26T00:00:00Z","NaN"
"0.019550195","0.020366500","0.017720000","0.019800000","0.019589292","2126","XRP","","4005694.276661997","USD","rvYAfWj5gh67oV6fW32ZzP3Aw4Eubs59B","78468.71337409085","2014-01-29T00:00:30Z","2014-01-31T23:51:30Z","2014-01-29T00:00:00Z","NaN"
"0.019799990","0.021997360","0.018700000","0.020405919","0.020550977","1892","XRP","","4936416.493652999","USD","rvYAfWj5gh67oV6fW32ZzP3Aw4Eubs59B","101448.1829537761","2014-02-01T00:01:50Z","2014-02-03T23:59:00Z","2014-02-01T00:00:00Z","NaN"
"0.020405919","0.021923581","0.018910741","0.019468194","0.020143587","1929","XRP","","3459879.00891","USD","rvYAfWj5gh67oV6fW32ZzP3Aw4Eubs59B","69694.37290597956","2014-02-04T00:07:00Z","2014-02-06T23:39:50Z","2014-02-04T00:00:00Z","NaN"
"0.019630000","0.020000000","0.016676120","0.017950000","0.018158335","2144","XRP","","4314228.510323999","USD","rvYAfWj5gh67oV6fW32ZzP3Aw4Eubs59B","78339.20691041669","2014-02-07T00:04:10Z","2014-02-09T23:48:00Z","2014-02-07T00:00:00Z","NaN"
"0.018098009","0.018168423","0.016436555","0.017238407","0.017086998","3162","XRP","","6763225.936715974","USD","rvYAfWj5gh67oV6fW32ZzP3Aw4Eubs59B","115563.2301624444","2014-02-10T00:00:10Z","2014-02-12T23:31:50Z","2014-02-10T00:00:00Z","NaN"
"0.017229900","0.017735213","0.015153811","0.016420000","0.016082330","3741","XRP","","6757714.165428","USD","rvYAfWj5gh67oV6fW32ZzP3Aw4Eubs59B","108679.7863032676","2014-02-13T00:29:20Z","2014-02-15T23:20:00Z","2014-02-13T00:00:00Z","NaN"
"0.016499835","0.017720000","0.014280000","0.015600004","0.015622414","3054","XRP","","6854764.539462","USD","rvYAfWj5gh67oV6fW32ZzP3Aw4Eubs59B","107087.9710166311","2014-02-16T00:21:20Z","2014-02-18T23:58:50Z","2014-02-16T00:00:00Z","NaN"
"0.015600161","0.016700167","0.014520145","0.014996720","0.015786293","3982","XRP","","10067547.29250802","USD","rvYAfWj5gh67oV6fW32ZzP3Aw4Eubs59B","158929.2476488836","2014-02-19T00:19:20Z","2014-02-21T23:05:50Z","2014-02-19T00:00:00Z","NaN"
"0.014880001","0.016000000","0.013010000","0.013512027","0.014904390","2794","XRP","","4755279.991540002","USD","rvYAfWj5gh67oV6fW32ZzP3Aw4Eubs59B","70874.54530332444","2014-02-22T00:02:50Z","2014-02-24T23:58:20Z","2014-02-22T00:00:00Z","NaN"
"0.013510001","0.015000000","0.010691757","0.014400000","0.013140937","5661","XRP","","6184310.950396067","USD","rvYAfWj5gh67oV6fW32ZzP3Aw4Eubs59B","81267.6404825107","2014-02-25T00:08:40Z","2014-02-27T23:39:30Z","2014-02-25T00:00:00Z","NaN"
"0.014434180","0.014900000","0.013351135","0.013748488","0.014013519","2968","XRP","","5091682.593889007","USD","rvYAfWj5gh67oV6fW32ZzP3Aw4Eubs59B","71352.38979488304","2014-02-28T00:25:50Z","2014-03-02T23:58:40Z","2014-02-28T00:00:00Z","NaN"
"0.013661202","0.017853955","0.013590000","0.016313051","0.015618342","5478","XRP","","8648441.754463995","USD","rvYAfWj5gh67oV6fW32ZzP3Aw4Eubs59B","135074.3228292067","2014-03-03T00:00:10Z","2014-03-05T23:47:10Z","2014-03-03T00:00:00Z","NaN"
"0.016090161","0.016609633","0.013656846","0.014491304","0.015018263","2414","XRP","","7290603.702014008","USD","rvYAfWj5gh67oV6fW32ZzP3Aw4Eubs59B","109492.2014535558","2014-03-06T00:20:30Z","2014-03-08T23:51:00Z","2014-03-06T00:00:00Z","NaN"
"0.014491304","0.015310266","0.014000998","0.014300000","0.014625678","2202","XRP","","3749429.547275991","USD","rvYAfWj5gh67oV6fW32ZzP3Aw4Eubs59B","54837.94961546599","2014-03-09T00:58:50Z","2014-03-11T23:57:20Z","2014-03-09T00:00:00Z","NaN"
"0.014300000","0.014675668","0.014084507","0.014310246","0.014431536","1703","XRP","","2046905.764286002","USD","rvYAfWj5gh67oV6fW32ZzP3Aw4Eubs59B","29539.9951824529","2014-03-12T00:00:40Z","2014-03-14T23:34:50Z","2014-03-12T00:00:00Z","NaN"
"0.014492754","0.014700000","0.014212822","0.014379900","0.014391494","1177","XRP","","2085942.745121993","USD","rvYAfWj5gh67oV6fW32ZzP3Aw4Eubs59B","30019.83340890712","2014-03-15T00:34:30Z","2014-03-17T23:37:50Z","2014-03-15T00:00:00Z","NaN"
"0.014250000","0.014388489","0.013500000","0.013600000","0.013974170","1606","XRP","","3663449.565266001","USD","rvYAfWj5gh67oV6fW32ZzP3Aw4Eubs59B","51193.66774787031","2014-03-18T00:06:20Z","2014-03-20T23:59:50Z","2014-03-18T00:00:00Z","NaN"
"0.013669863","0.013799862","0.012030000","0.012503126","0.012847445","2635","XRP","","7214897.257403991","USD","rvYAfWj5gh67oV6fW32ZzP3Aw4Eubs59B","92692.99295106807","2014-03-21T00:11:00Z","2014-03-23T23:48:40Z","2014-03-21T00:00:00Z","NaN"
"0.012599728","0.013100000","0.012000000","0.012500000","0.012511423","2077","XRP","","5443217.272246988","USD","rvYAfWj5gh67oV6fW32ZzP3Aw4Eubs59B","68102.39351313746","2014-03-24T00:05:00Z","2014-03-26T23:58:30Z","2014-03-24T00:00:00Z","NaN"
"0.012500000","0.012546331","0.010307907","0.010390000","0.010968130","2374","XRP","","12091463.99604399","USD","rvYAfWj5gh67oV6fW32ZzP3Aw4Eubs59B","132620.75184298","2014-03-27T00:35:30Z","2014-03-29T23:59:20Z","2014-03-27T00:00:00Z","NaN"
"0.010390000","0.010399334","0.0085836910","0.0090149848","0.0092146236","2633","XRP","","10939163.026045","USD","rvYAfWj5gh67oV6fW32ZzP3Aw4Eubs59B","100800.2702741076","2014-03-30T00:00:20Z","2014-04-01T23:59:10Z","2014-03-30T00:00:00Z","NaN"
"0.0090147997","0.0094554609","0.0074322294","0.0081885850","0.0082429663","2731","XRP","","16784419.63645602","USD","rvYAfWj5gh67oV6fW32ZzP3Aw4Eubs59B","138353.4050900452","2014-04-02T00:00:50Z","2014-04-04T23:55:20Z","2014-04-02T00:00:00Z","NaN"
"0.0080800808","0.0085763293","0.0080710250","0.0081500000","0.0082497995","1731","XRP","","5411821.479960004","USD","rvYAfWj5gh67oV6fW32ZzP3Aw4Eubs59B","44646.44208008182","2014-04-05T00:05:10Z","2014-04-07T23:45:20Z","2014-04-05T00:00:00Z","NaN"
"0.0081055505","0.0083100000","0.0055000000","0.0059442788","0.0072947729","8174","XRP","","26501519.99208625","USD","rvYAfWj5gh67oV6fW32ZzP3Aw4Eubs59B","193322.5707545003","2014-04-08T00:43:10Z","2014-04-10T23:59:50Z","2014-04-08T00:00:00Z","NaN"
"0.0059442788","0.0070520265","0.0055000000","0.0059992801","0.0062493898","5354","XRP","","31241241.76640568","USD","rvYAfWj5gh67oV6fW32ZzP3Aw4Eubs59B","195238.6980407392","2014-04-11T00:00:00Z","2014-04-13T23:51:30Z","2014-04-11T00:00:00Z","NaN"
"0.0059500000","0.0079863351","0.0054508983","0.0066660001","0.0065820431","9498","XRP","","89846770.57897285","USD","rvYAfWj5gh67oV6fW32ZzP3Aw4Eubs59B","591375.3150183456","2014-04-14T01:09:30Z","2014-04-16T23:53:10Z","2014-04-14T00:00:00Z","NaN"
"0.0066225167","0.0066666667","0.0057800000","0.0062690000","0.0061995765","3514","XRP","","28079335.81192695","USD","rvYAfWj5gh67oV6fW32ZzP3Aw4Eubs59B","174079.9899951057","2014-04-17T00:22:50Z","2014-04-19T23:59:50Z","2014-04-17T00:00:00Z","NaN"
"0.0062690000","0.0063613232","0.0057836900","0.0059626641","0.0060560536","3567","XRP","","35319677.83794388","USD","rvYAfWj5gh67oV6fW32ZzP3Aw4Eubs59B","213897.8638402354","2014-04-20T00:00:00Z","2014-04-22T23:56:50Z","2014-04-20T00:00:00Z","NaN"
"0.0059907464","0.0061202534","0.0051150895","0.0055100000","0.0057864329","4866","XRP","","42633470.29940401","USD","rvYAfWj5gh67oV6fW32ZzP3Aw4Eubs59B","246695.7148937467","2014-04-23T00:19:50Z","2014-04-25T23:53:50Z","2014-04-23T00:00:00Z","NaN"
"0.0055096419","0.0055900000","0.0046302727","0.0052314936","0.0051180184","3793","XRP","","28989001.07753606","USD","rvYAfWj5gh67oV6fW32ZzP3Aw4Eubs59B","148366.2407958805","2014-04-26T00:01:00Z","2014-04-28T23:57:00Z","2014-04-26T00:00:00Z","NaN"
"0.0051905787","0.0055555556","0.0050000000","0.0053605905","0.0052935830","4165","XRP","","48311499.67682707","USD","rvYAfWj5gh67oV6fW32ZzP3Aw4Eubs59B","255740.9354734948","2014-04-29T00:12:10Z","2014-05-01T23:35:30Z","2014-04-29T00:00:00Z","NaN"
"0.0053709578","0.0054347826","0.0048309179","0.0050390702","0.0051371003","2977","XRP","","38821562.11118704","USD","rvYAfWj5gh67oV6fW32ZzP3Aw4Eubs59B","199430.2594432412","2014-05-02T00:12:50Z","2014-05-04T23:52:40Z","2014-05-02T00:00:00Z","NaN"
"0.0050100000","0.0069000000","0.0048201323","0.0060060024","0.0059339441","5642","XRP","","73319451.96103176","USD","rvYAfWj5gh67oV6fW32ZzP3Aw4Eubs59B","435073.529738063","2014-05-05T01:24:30Z","2014-05-07T23:59:50Z","2014-05-05T00:00:00Z","NaN"
"0.0059360035","0.0066100000","0.0054347826","0.0058572961","0.0059435064","5334","XRP","","43914344.49429487","USD","rvYAfWj5gh67oV6fW32ZzP3Aw4Eubs59B","261005.1864546955","2014-05-08T00:01:10Z","2014-05-10T23:33:20Z","2014-05-08T00:00:00Z","NaN"
"0.0057724569","0.0067294751","0.0057191540","0.0066800000","0.0060770861","3488","XRP","","34540847.70046301","USD","rvYAfWj5gh67oV6fW32ZzP3Aw4Eubs59B","209907.7052998911","2014-05-11T00:04:50Z","2014-05-13T23:51:50Z","2014-05-11T00:00:00Z","NaN"
"0.0066845351","0.0081208373","0.0064516545","0.0067567567","0.0070822398","5809","XRP","","84543280.05123922","USD","rvYAfWj5gh67oV6fW32ZzP3Aw4Eubs59B","598755.7807887499","2014-05-14T00:02:50Z","2014-05-16T23:59:50Z","2014-05-14T00:00:00Z","NaN"
"0.0067567567","0.0068626140","0.0056000000","0.0061013423","0.0060929735","5529","XRP","","62168054.53503093","USD","rvYAfWj5gh67oV6fW32ZzP3Aw4Eubs59B","378788.3116909423","2014-05-17T00:00:00Z","2014-05-19T23:42:30Z","2014-05-17T00:00:00Z","NaN"
"0.0062149379","0.0070640392","0.0021366001","0.0028690000","0.0047658075","16869","XRP","","263142561.6064382","USD","rvYAfWj5gh67oV6fW32ZzP3Aw4Eubs59B","1254086.801039926","2014-05-20T00:07:10Z","2014-05-22T23:59:20Z","2014-05-20T00:00:00Z","NaN"
"0.0028690288","0.0040041613","0.0015457890","0.0038400000","0.0030934053","14544","XRP","","318099479.9921684","USD","rvYAfWj5gh67oV6fW32ZzP3Aw4Eubs59B","984010.6211603992","2014-05-23T00:00:10Z","2014-05-25T23:59:50Z","2014-05-23T00:00:00Z","NaN"
"0.0038400000","0.0060000000","0.0033559299","0.0051020918","0.0044794932","10821","XRP","","137408381.8881611","USD","rvYAfWj5gh67oV6fW32ZzP3Aw4Eubs59B","615519.9156564418","2014-05-26T00:01:40Z","2014-05-28T23:56:50Z","2014-05-26T00:00:00Z","NaN"
"0.0051812954","0.0051900000","0.0037500000","0.0039666399","0.0043617883","9050","XRP","","88512183.04910387","USD","rvYAfWj5gh67oV6fW32ZzP3Aw4Eubs59B","386071.4002948106","2014-05-29T00:01:00Z","2014-05-31T23:58:20Z","2014-05-29T00:00:00Z","NaN"
"0.0039686232","0.0047619048","0.0038339002","0.0044091551","0.0044022067","7168","XRP","","77804529.34017777","USD","rvYAfWj5gh67oV6fW32ZzP3Aw4Eubs59B","342511.6191564443","2014-06-01T00:06:00Z","2014-06-03T23:49:10Z","2014-06-01T00:00:00Z","NaN"
"0.0043845615","0.0044900000","0.0033333333","0.0039654215","0.0039065186","5570","XRP","","75839176.63320592","USD","rvYAfWj5gh67oV6fW32ZzP3Aw4Eubs59B","296267.1568922869","2014-06-04T00:00:50Z","2014-06-06T23:52:30Z","2014-06-04T00:00:00Z","NaN"
"0.0039654215","0.0043400000","0.0038453848","0.0042538652","0.0041158203","4267","XRP","","46748448.68138293","USD","rvYAfWj5gh67oV6fW32ZzP3Aw4Eubs59B","192408.2148185505","2014-06-07T00:13:50Z","2014-06-09T23:39:50Z","2014-06-07T00:00:00Z","NaN"
"0.0042918000","0.0046748056","0.0039000000","0.0040215233","0.0043728391","6177","XRP","","51914808.21089885","USD","rvYAfWj5gh67oV6fW32ZzP3Aw4Eubs59B","227015.1030818621","2014-06-10T00:03:00Z","2014-06-12T23:55:30Z","2014-06-10T00:00:00Z","NaN"
"0.0040215233","0.0042000000","0.0038700341","0.0041666667","0.0040215661","4150","XRP","","18902588.34591801","USD","rvYAfWj5gh67oV6fW32ZzP3Aw4Eubs59B","76018.00877426953","2014-06-13T00:03:00Z","2014-06-15T23:51:40Z","2014-06-13T00:00:00Z","NaN"
"0.0041981853","0.0043308340","0.0040324207","0.0042548937","0.0042070327","4389","XRP","","33320137.24790587","USD","rvYAfWj5gh67oV6fW32ZzP3Aw4Eubs59B","140178.9074225218","2014-06-16T00:08:40Z","2014-06-18T23:56:30Z","2014-06-16T00:00:00Z","NaN"
"0.0042548511","0.0042918455","0.0040000000","0.0041535696","0.0041227392","3207","XRP","","27696263.46005487","USD","rvYAfWj5gh67oV6fW32ZzP3Aw4Eubs59B","114184.4703225419","2014-06-19T00:15:50Z","2014-06-21T23:43:50Z","2014-06-19T00:00:00Z","NaN"
"0.0041666667","0.0042553191","0.0039399000","0.0040637934","0.0040993653","2836","XRP","","50631156.46266215","USD","rvYAfWj5gh67oV6fW32ZzP3Aw4Eubs59B","207555.6042159167","2014-06-22T00:40:00Z","2014-06-24T23:42:10Z","2014-06-22T00:00:00Z","NaN"
"0.0040636309","0.0041106039","0.0038758188","0.0039982826","0.0039796216","3117","XRP","","25936519.67599105","USD","rvYAfWj5gh67oV6fW32ZzP3Aw4Eubs59B","103217.5346834479","2014-06-25T00:17:20Z","2014-06-27T23:59:30Z","2014-06-25T00:00:00Z","NaN"
"0.0039996816","0.0040322581","0.0036500000","0.0037300000","0.0038375214","4847","XRP","","65096719.04789294","USD","rvYAfWj5gh67oV6fW32ZzP3Aw4Eubs59B","249810.0523073403","2014-06-28T00:16:10Z","2014-06-30T23:59:00Z","2014-06-28T00:00:00Z","NaN"
"0.0037300000","0.0038860607","0.0033099985","0.0033557047","0.0034743808","5811","XRP","","60469818.74368385","USD","rvYAfWj5gh67oV6fW32ZzP3Aw4Eubs59B","210095.1778415228","2014-07-01T00:02:30Z","2014-07-03T23:48:20Z","2014-07-01T00:00:00Z","NaN"
"0.0033400915","0.0033967940","0.0027247956","0.0028140998","0.0030997751","5719","XRP","","55637382.62305796","USD","rvYAfWj5gh67oV6fW32ZzP3Aw4Eubs59B","172463.3712606617","2014-07-04T00:25:40Z","2014-07-06T23:55:30Z","2014-07-04T00:00:00Z","NaN"
"0.0028140716","0.0039525692","0.0028042614","0.0038240535","0.0032691034","10371","XRP","","70221185.6285318","USD","rvYAfWj5gh67oV6fW32ZzP3Aw4Eubs59B","229560.3148034444","2014-07-07T00:00:30Z","2014-07-09T23:53:30Z","2014-07-07T00:00:00Z","NaN"
"0.0038240518","0.0044266646","0.0036010083","0.0042550057","0.0041116659","8100","XRP","","58549885.06793685","USD","rvYAfWj5gh67oV6fW32ZzP3Aw4Eubs59B","240737.5680085037","2014-07-10T00:00:20Z","2014-07-12T23:20:20Z","2014-07-10T00:00:00Z","NaN"
"0.0042575612","0.0045953521","0.0038880051","0.0045443892","0.0043748521","3771","XRP","","21067034.72218801","USD","rvYAfWj5gh67oV6fW32ZzP3Aw4Eubs59B","92165.1604856941","2014-07-13T00:49:30Z","2014-07-15T23:41:30Z","2014-07-13T00:00:00Z","NaN"
"0.0045507300","0.0068965517","0.0045302619","0.0061365615","0.0056649370","11680","XRP","","68483005.82447611","USD","rvYAfWj5gh67oV6fW32ZzP3Aw4Eubs59B","387951.9113899775","2014-07-16T00:33:20Z","2014-07-18T23:56:40Z","2014-07-16T00:00:00Z","NaN"
"0.0061960164","0.0062447876","0.0046866991","0.0053999976","0.0052605666","10075","XRP","","47653234.05915806","USD","rvYAfWj5gh67oV6fW32ZzP3Aw4Eubs59B","250683.0129602012","2014-07-19T00:00:20Z","2014-07-21T23:58:20Z","2014-07-19T00:00:00Z","NaN"
"0.0054285628","0.0063694268","0.0053500000","0.0059950671","0.0058880789","8712","XRP","","48824252.12664591","USD","rvYAfWj5gh67oV6fW32ZzP3Aw4Eubs59B","287481.0483843567","2014-07-22T00:03:00Z","2014-07-24T23:54:10Z","2014-07-22T00:00:00Z","NaN"
"0.0059963807","0.0062500000","0.0058007092","0.0060568652","0.0060109030","4267","XRP","","26177573.45869105","USD","rvYAfWj5gh67oV6fW32ZzP3Aw4Eubs59B","157350.8549836742","2014-07-25T00:05:30Z","2014-07-27T23:50:30Z","2014-07-25T00:00:00Z","NaN"
"0.0060910919","0.0062324712","0.0055100000","0.0055600000","0.0058826921","4714","XRP","","36726610.67593193","USD","rvYAfWj5gh67oV6fW32ZzP3Aw4Eubs59B","216051.3409546337","2014-07-28T00:23:40Z","2014-07-30T23:57:40Z","2014-07-28T00:00:00Z","NaN"
"0.0055519884","0.0058900000","0.0046948357","0.0052551941","0.0052383351","7666","XRP","","76958902.03978416","USD","rvYAfWj5gh67oV6fW32ZzP3Aw4Eubs59B","403136.5181560549","2014-07-31T00:00:20Z","2014-08-02T23:46:10Z","2014-07-31T00:00:00Z","NaN"
"0.0052356021","0.0054406964","0.0049456300","0.0051237894","0.0051428740","4126","XRP","","25344195.31486002","USD","rvYAfWj5gh67oV6fW32ZzP3Aw4Eubs59B","130342.0026586214","2014-08-03T00:03:40Z","2014-08-05T23:16:00Z","2014-08-03T00:00:00Z","NaN"
"0.0051427517","0.0055864902","0.0050820237","0.0054950481","0.0053321249","3613","XRP","","21166322.90481694","USD","rvYAfWj5gh67oV6fW32ZzP3Aw4Eubs59B","112861.4770448116","2014-08-06T01:22:50Z","2014-08-08T23:44:20Z","2014-08-06T00:00:00Z","NaN"
"0.0054925905","0.0054926856","0.0048136992","0.0050740401","0.0050975985","3590","XRP","","36977307.36730501","USD","rvYAfWj5gh67oV6fW32ZzP3Aw4Eubs59B","188495.4680183607","2014-08-09T00:04:50Z","2014-08-11T23:59:30Z","2014-08-09T00:00:00Z","NaN"
"0.0051091982","0.0055864902","0.0048133225","0.0053926100","0.0051684136","5310","XRP","","47630855.64032515","USD","rvYAfWj5gh67oV6fW32ZzP3Aw4Eubs59B","246175.9611127713","2014-08-12T00:01:00Z","2014-08-14T23:29:30Z","2014-08-12T00:00:00Z","NaN"
"0.0054141846","0.0055700000","0.0051000000","0.0052164268","0.0053432475","2077","XRP","","14339356.61428902","USD","rvYAfWj5gh67oV6fW32ZzP3Aw4Eubs59B","76618.73126836505","2014-08-15T00:07:10Z","2014-08-17T23:59:20Z","2014-08-15T00:00:00Z","NaN"
"0.0052134604","0.0054945055","0.0048217906","0.0053622385","0.0050362819","3236","XRP","","29074687.73923695","USD","rvYAfWj5gh67oV6fW32ZzP3Aw4Eubs59B","146428.3241415164","2014-08-18T00:00:30Z","2014-08-20T23:55:40Z","2014-08-18T00:00:00Z","NaN"
"0.0053214090","0.0053342903","0.0049837778","0.0050738755","0.0050706168","1789","XRP","","16422047.35672001","USD","rvYAfWj5gh67oV6fW32ZzP3Aw4Eubs59B","83269.90960376384","2014-08-21T00:23:10Z","2014-08-23T23:28:50Z","2014-08-21T00:00:00Z","NaN"
"0.0050615892","0.0052800000","0.0044033467","0.0049423885","0.0047997135","2831","XRP","","41271899.46589295","USD","rvYAfWj5gh67oV6fW32ZzP3Aw4Eubs59B","198093.2925192948","2014-08-24T00:30:30Z","2014-08-26T23:10:30Z","2014-08-24T00:00:00Z","NaN"
"0.0049423885","0.0051845629","0.0048956434","0.0050026686","0.0050320146","2036","XRP","","12207097.075762","USD","rvYAfWj5gh67oV6fW32ZzP3Aw4Eubs59B","61426.29014050188","2014-08-27T00:07:40Z","2014-08-29T22:03:40Z","2014-08-27T00:00:00Z","NaN"
"0.0050186196","0.0051000000","0.0047800000","0.0049529073","0.0049257302","1823","XRP","","14353003.24675499","USD","rvYAfWj5gh67oV6fW32ZzP3Aw4Eubs59B","70699.02167204318","2014-08-30T00:43:50Z","2014-09-01T23:55:10Z","2014-08-30T00:00:00Z","NaN"
"0.0049887875","0.0049957188","0.0045976037","0.0048308158","0.0047719282","3522","XRP","","15782011.722806","USD","rvYAfWj5gh67oV6fW32ZzP3Aw4Eubs59B","75310.62744269957","2014-09-02T01:05:00Z","2014-09-04T23:59:10Z","2014-09-02T00:00:00Z","NaN"
"0.0048308158","0.0048388250","0.0046019328","0.0047099948","0.0047578152","1021","XRP","","8760432.807329003","USD","rvYAfWj5gh67oV6fW32ZzP3Aw4Eubs59B","41680.52041372067","2014-09-05T00:02:50Z","2014-09-07T23:52:20Z","2014-09-05T00:00:00Z","NaN"
"0.0047173000","0.0048083947","0.0045614652","0.0047767577","0.0046580036","1851","XRP","","16847704.320617","USD","rvYAfWj5gh67oV6fW32ZzP3Aw4Eubs59B","78476.66687623716","2014-09-08T00:17:40Z","2014-09-10T21:51:00Z","2014-09-08T00:00:00Z","NaN"
"0.0047427909","0.0047880000","0.0045749582","0.0046330514","0.0046490036","1091","XRP","","15727667.187577","USD","rvYAfWj5gh67oV6fW32ZzP3Aw4Eubs59B","73117.98125798762","2014-09-11T00:00:40Z","2014-09-13T23:41:20Z","2014-09-11T00:00:00Z","NaN"
"0.0046644000","0.0052631579","0.0046629935","0.0051310140","0.0050366467","3824","XRP","","40694150.44765903","USD","rvYAfWj5gh67oV6fW32ZzP3Aw4Eubs59B","204962.0602274041","2014-09-14T00:16:10Z","2014-09-16T23:50:40Z","2014-09-14T00:00:00Z","NaN"
"0.0051310140","0.0057126395","0.0047267983","0.0048600000","0.0052718287","6133","XRP","","48762650.84533393","USD","rvYAfWj5gh67oV6fW32ZzP3Aw4Eubs59B","257068.3403835633","2014-09-17T00:10:00Z","2014-09-19T23:26:10Z","2014-09-17T00:00:00Z","NaN"
"0.0048491902","0.0048959693","0.0044451192","0.0045000000","0.0046411231","2632","XRP","","20746434.12864803","USD","rvYAfWj5gh67oV6fW32ZzP3Aw4Eubs59B","96286.75370426335","2014-09-20T00:28:40Z","2014-09-22T23:59:40Z","2014-09-20T00:00:00Z","NaN"
"0.0044778789","0.0052500000","0.0044759132","0.0045916019","0.0047767104","4372","XRP","","45710891.162514","USD","rvYAfWj5gh67oV6fW32ZzP3Aw4Eubs59B","218347.6884504328","2014-09-23T00:02:10Z","2014-09-25T23:57:30Z","2014-09-23T00:00:00Z","NaN"
"0.0045916019","0.0049261084","0.0045458678","0.0046948357","0.0047320080","2302","XRP","","28841489.41525901","USD","rvYAfWj5gh67oV6fW32ZzP3Aw4Eubs59B","136478.1589228184","2014-09-26T00:00:00Z","2014-09-28T23:49:50Z","2014-09-26T00:00:00Z","NaN"
"0.0047100000","0.0048000000","0.0046082949","0.0047900000","0.0046984545","1559","XRP","","10312708.01350499","USD","rvYAfWj5gh67oV6fW32ZzP3Aw4Eubs59B","48453.78981715612","2014-09-29T00:28:10Z","2014-10-01T23:59:20Z","2014-09-29T00:00:00Z","NaN"
"0.0047900000","0.0051958502","0.0046513791","0.0051282051","0.0049192115","2897","XRP","","17047331.20397501","USD","rvYAfWj5gh67oV6fW32ZzP3Aw4Eubs59B","83859.42754554737","2014-10-02T00:00:00Z","2014-10-04T23:58:20Z","2014-10-02T00:00:00Z","NaN"
"0.0050010833","0.0050010833","0.0045454545","0.0046547915","0.0046947439","2752","XRP","","16020031.101147","USD","rvYAfWj5gh67oV6fW32ZzP3Aw4Eubs59B","75209.94315512749","2014-10-05T00:00:00Z","2014-10-07T23:51:40Z","2014-10-05T00:00:00Z","NaN"
"0.0046450184","0.0049739030","0.0044998425","0.0047915655","0.0047403512","3274","XRP","","25233091.37037399","USD","rvYAfWj5gh67oV6fW32ZzP3Aw4Eubs59B","119613.7138183546","2014-10-08T00:30:00Z","2014-10-10T23:49:00Z","2014-10-08T00:00:00Z","NaN"
"0.0048196828","0.0048896103","0.0046296296","0.0046589048","0.0047445701","1520","XRP","","15484812.19816199","USD","rvYAfWj5gh67oV6fW32ZzP3Aw4Eubs59B","73468.77704628062","2014-10-11T00:02:20Z","2014-10-13T23:58:20Z","2014-10-11T00:00:00Z","NaN"
"0.0047007222","0.0049900000","0.0047007222","0.0048543687","0.0048540870","1853","XRP","","8770920.461437993","USD","rvYAfWj5gh67oV6fW32ZzP3Aw4Eubs59B","42574.811012487","2014-10-14T00:04:40Z","2014-10-16T23:34:50Z","2014-10-14T00:00:00Z","NaN"
"0.0048250000","0.0050159152","0.0047441767","0.0049664401","0.0048836832","875","XRP","","12233015.99491999","USD","rvYAfWj5gh67oV6fW32ZzP3Aw4Eubs59B","59742.17434317888","2014-10-17T00:42:00Z","2014-10-19T23:50:20Z","2014-10-17T00:00:00Z","NaN"
"0.0049899371","0.0053078674","0.0048772637","0.0052013867","0.0050942799","1650","XRP","","20057792.80189203","USD","rvYAfWj5gh67oV6fW32ZzP3Aw4Eubs59B","102180.0116220609","2014-10-20T00:33:50Z","2014-10-22T23:40:20Z","2014-10-20T00:00:00Z","NaN"
"0.0051574341","0.0053892460","0.0045454545","0.0047459355","0.0049110831","2433","XRP","","29800243.80103099","USD","rvYAfWj5gh67oV6fW32ZzP3Aw4Eubs59B","146351.4747161629","2014-10-23T00:01:20Z","2014-10-25T23:41:50Z","2014-10-23T00:00:00Z","NaN"
"0.0048165148","0.0054300000","0.0030000000","0.0047505938","0.0045770266","3316","XRP","","55958964.92440602","USD","rvYAfWj5gh67oV6fW32ZzP3Aw4Eubs59B","256125.6729174193","2014-10-26T00:04:50Z","2014-10-28T23:59:20Z","2014-10-26T00:00:00Z","NaN"
"0.0047589112","0.0049140049","0.0046082949","0.0048819172","0.0047413444","2110","XRP","","31528562.33072501","USD","rvYAfWj5gh67oV6fW32ZzP3Aw4Eubs59B","149487.7717397954","2014-10-29T00:01:20Z","2014-10-31T23:29:20Z","2014-10-29T00:00:00Z","NaN"
"0.0048770570","0.0048819172","0.0046000000","0.0047210000","0.0047333619","1074","XRP","","14451713.70728898","USD","rvYAfWj5gh67oV6fW32ZzP3Aw4Eubs59B","68405.19069362934","2014-11-01T00:07:20Z","2014-11-03T23:38:40Z","2014-11-01T00:00:00Z","NaN"
"0.0047554945","0.0048412084","0.0046656443","0.0048050747","0.0047720513","1964","XRP","","12493015.69974599","USD","rvYAfWj5gh67oV6fW32ZzP3Aw4Eubs59B","59617.3116108394","2014-11-04T00:08:00Z","2014-11-06T23:53:20Z","2014-11-04T00:00:00Z","NaN"
"0.0047778309","0.0048851979","0.0047619048","0.0048592188","0.0048392554","1797","XRP","","15134019.168432","USD","rvYAfWj5gh67oV6fW32ZzP3Aw4Eubs59B","73237.38389122614","2014-11-07T00:02:10Z","2014-11-09T23:47:50Z","2014-11-07T00:00:00Z","NaN"
"0.0048618801","0.0050337201","0.0047169811","0.0049724019","0.0048548569","3215","XRP","","49117917.40735603","USD","rvYAfWj5gh67oV6fW32ZzP3Aw4Eubs59B","238460.4609984538","2014-11-10T00:20:50Z","2014-11-12T23:56:10Z","2014-11-10T00:00:00Z","NaN"
"0.0049851045","0.0051993782","0.0049140049","0.0051020408","0.0050527287","2921","XRP","","12858730.318299","USD","rvYAfWj5gh67oV6fW32ZzP3Aw4Eubs59B","64971.67553623459","2014-11-13T00:09:30Z","2014-11-15T23:42:10Z","2014-11-13T00:00:00Z","NaN"
"0.0051020408","0.0056179775","0.0050761421","0.0053545837","0.0052988019","2614","XRP","","27643070.89723997","USD","rvYAfWj5gh67oV6fW32ZzP3Aw4Eubs59B","146475.1571758257","2014-11-16T00:11:10Z","2014-11-18T22:59:20Z","2014-11-16T00:00:00Z","NaN"
"0.0053636871","0.0069749427","0.0053192554","0.0068699999","0.0061305260","4621","XRP","","50497721.28521492","USD","rvYAfWj5gh67oV6fW32ZzP3Aw4Eubs59B","309577.5941816022","2014-11-19T00:20:40Z","2014-11-21T23:30:30Z","2014-11-19T00:00:00Z","NaN"
"0.0068674538","0.0095238095","0.0059523810","0.0087086710","0.0078100277","6906","XRP","","49708192.31237202","USD","rvYAfWj5gh67oV6fW32ZzP3Aw4Eubs59B","388222.3590529741","2014-11-22T00:40:30Z","2014-11-24T23:40:00Z","2014-11-22T00:00:00Z","NaN"
"0.0087732447","0.016353000","0.0081000000","0.015930176","0.010683293","16476","XRP","","143153338.6348687","USD","rvYAfWj5gh67oV6fW32ZzP3Aw4Eubs59B","1529349.051195508","2014-11-25T00:31:50Z","2014-11-27T23:59:50Z","2014-11-25T00:00:00Z","NaN"
"0.015930176","0.016666667","0.0083333333","0.010840091","0.011826399","13151","XRP","","83207742.56282818","USD","rvYAfWj5gh67oV6fW32ZzP3Aw4Eubs59B","984047.965691024","2014-11-28T00:00:40Z","2014-11-30T23:59:50Z","2014-11-28T00:00:00Z","NaN"
"0.010733018","0.014084507","0.0095998216","0.012779010","0.012393936","9328","XRP","","59811329.9182319","USD","rvYAfWj5gh67oV6fW32ZzP3Aw4Eubs59B","741297.7894033929","2014-12-01T00:00:00Z","2014-12-03T23:57:30Z","2014-12-01T00:00:00Z","NaN"
"0.012852677","0.014659542","0.012441183","0.014403986","0.013342006","5575","XRP","","33159149.35766893","USD","rvYAfWj5gh67oV6fW32ZzP3Aw4Eubs59B","442409.5859337383","2014-12-04T00:27:00Z","2014-12-06T23:56:30Z","2014-12-04T00:00:00Z","NaN"
"0.014410000","0.015620000","0.013060000","0.015448308","0.014695002","3867","XRP","","19352602.674441","USD","rvYAfWj5gh67oV6fW32ZzP3Aw4Eubs59B","284386.5360731465","2014-12-07T00:02:10Z","2014-12-09T23:57:30Z","2014-12-07T00:00:00Z","NaN"
"0.015449675","0.017650000","0.015306924","0.016029373","0.016464483","5019","XRP","","37104837.45527199","USD","rvYAfWj5gh67oV6fW32ZzP3Aw4Eubs59B","610911.9839782455","2014-12-10T00:02:50Z","2014-12-12T23:59:50Z","2014-12-10T00:00:00Z","NaN"
"0.016008622","0.018500000","0.015859000","0.018470000","0.017573702","3852","XRP","","28594890.08113506","USD","rvYAfWj5gh67oV6fW32ZzP3Aw4Eubs59B","502518.0784175612","2014-12-13T00:00:20Z","2014-12-15T23:59:50Z","2014-12-13T00:00:00Z","NaN"
"0.018509339","0.028035720","0.018010000","0.027871000","0.022989849","13911","XRP","","85910730.40012479","USD","rvYAfWj5gh67oV6fW32ZzP3Aw4Eubs59B","1975074.697828753","2014-12-16T00:15:10Z","2014-12-18T23:56:40Z","2014-12-16T00:00:00Z","NaN"
"0.027758020","0.027895056","0.020040080","0.024721879","0.023137873","10194","XRP","","46608347.570751","USD","rvYAfWj5gh67oV6fW32ZzP3Aw4Eubs59B","1078418.019900957","2014-12-19T00:05:20Z","2014-12-21T23:56:20Z","2014-12-19T00:00:00Z","NaN"
"0.024800000","0.025706941","0.021899994","0.022820436","0.024123288","5770","XRP","","30895895.97018901","USD","rvYAfWj5gh67oV6fW32ZzP3Aw4Eubs59B","745310.5977885239","2014-12-22T00:13:30Z","2014-12-24T23:56:30Z","2014-12-22T00:00:00Z","NaN"
"0.022821577","0.027472527","0.022500000","0.023195940","0.024695984","3946","XRP","","17922985.74183296","USD","rvYAfWj5gh67oV6fW32ZzP3Aw4Eubs59B","442625.7775671707","2014-12-25T00:11:20Z","2014-12-27T23:56:20Z","2014-12-25T00:00:00Z","NaN"
"0.023249505","0.025000000","0.021100000","0.024200000","0.023591857","3123","XRP","","12007333.78667787","USD","rvYAfWj5gh67oV6fW32ZzP3Aw4Eubs59B","283275.3003344092","2014-12-28T00:00:50Z","2014-12-30T23:20:10Z","2014-12-28T00:00:00Z","NaN"
"0.024187000","0.024300000","0.023600000","0.024017448","0.024111875","726","XRP","","4423032.814006001","USD","rvYAfWj5gh67oV6fW32ZzP3Aw4Eubs59B","106647.6123297341","2014-12-31T00:38:30Z","2015-01-02T23:49:20Z","2014-12-31T00:00:00Z","NaN"
"0.024017448","0.024223244","0.015800000","0.019947892","0.019624834","11530","XRP","","59235732.09212613","USD","rvYAfWj5gh67oV6fW32ZzP3Aw4Eubs59B","1162491.401086253","2015-01-03T01:06:40Z","2015-01-05T23:57:50Z","2015-01-03T00:00:00Z","NaN"
"0.020114538","0.022000000","0.019880914","0.020800000","0.020845973","4161","XRP","","14059978.04278097","USD","rvYAfWj5gh67oV6fW32ZzP3Aw4Eubs59B","293093.9176523284","2015-01-06T00:01:30Z","2015-01-08T23:59:30Z","2015-01-06T00:00:00Z","NaN"
"0.020800000","0.020995171","0.018102824","0.018790378","0.019595621","4251","XRP","","17145910.81897607","USD","rvYAfWj5gh67oV6fW32ZzP3Aw4Eubs59B","335984.7640279035","2015-01-09T00:00:20Z","2015-01-11T23:38:50Z","2015-01-09T00:00:00Z","NaN"
"0.018599000","0.019000000","0.013159626","0.014045000","0.015379451","9224","XRP","","38707522.94513604","USD","rvYAfWj5gh67oV6fW32ZzP3Aw4Eubs59B","595300.4540346967","2015-01-12T00:02:30Z","2015-01-14T23:55:50Z","2015-01-12T00:00:00Z","NaN"
"0.014045000","0.017652920","0.014044660","0.014929999","0.016125253","6651","XRP","","28891494.49187995","USD","rvYAfWj5gh67oV6fW32ZzP3Aw4Eubs59B","465882.6617805795","2015-01-15T00:00:10Z","2015-01-17T23:56:50Z","2015-01-15T00:00:00Z","NaN"
"0.014929877","0.016500000","0.014843950","0.016400000","0.015766935","4650","XRP","","19741734.61486598","USD","rvYAfWj5gh67oV6fW32ZzP3Aw4Eubs59B","311266.6401898721","2015-01-18T00:01:00Z","2015-01-20T23:55:40Z","2015-01-18T00:00:00Z","NaN"
"0.016400000","0.017500000","0.015941336","0.016628900","0.016661611","3612","XRP","","20004505.233778","USD","rvYAfWj5gh67oV6fW32ZzP3Aw4Eubs59B","333307.2903971749","2015-01-21T00:00:40Z","2015-01-23T23:58:00Z","2015-01-21T00:00:00Z","NaN"
"0.016628900","0.017000000","0.015542785","0.015772870","0.016368288","3932","XRP","","18976660.23767301","USD","rvYAfWj5gh67oV6fW32ZzP3Aw4Eubs59B","310615.4443233155","2015-01-24T00:01:40Z","2015-01-26T23:56:00Z","2015-01-24T00:00:00Z","NaN"
"0.015772870","0.016224102","0.014000000","0.014107969","0.014975785","3887","XRP","","21744819.01267198","USD","rvYAfWj5gh67oV6fW32ZzP3Aw4Eubs59B","325645.740507215","2015-01-27T00:00:50Z","2015-01-29T23:57:10Z","2015-01-27T00:00:00Z","NaN"
"0.014107969","0.014896000","0.013000000","0.013900878","0.014120495","3678","XRP","","18177459.308393","USD","rvYAfWj5gh67oV6fW32ZzP3Aw4Eubs59B","256674.7252367001","2015-01-30T00:00:00Z","2015-02-01T23:56:10Z","2015-01-30T00:00:00Z","NaN"
"0.013900878","0.014053826","0.012690000","0.013427000","0.013139523","3804","XRP","","22253309.396299","USD","rvYAfWj5gh67oV6fW32ZzP3Aw4Eubs59B","292397.863650889","2015-02-02T00:01:10Z","2015-02-04T23:42:10Z","2015-02-02T00:00:00Z","NaN"
"0.013450000","0.016535320","0.013343896","0.014701862","0.014862173","3885","XRP","","19116421.45860302","USD","rvYAfWj5gh67oV6fW32ZzP3Aw4Eubs59B","284111.5592967604","2015-02-05T00:21:50Z","2015-02-07T23:59:10Z","2015-02-05T00:00:00Z","NaN"
"0.014717056","0.014717056","0.013217711","0.013752033","0.013804997","1540","XRP","","10398910.27253599","USD","rvYAfWj5gh67oV6fW32ZzP3Aw4Eubs59B","143556.9213342858","2015-02-08T00:11:30Z","2015-02-10T23:57:50Z","2015-02-08T00:00:00Z","NaN"
"0.013753308","0.015200000","0.013564556","0.014538639","0.014320203","2152","XRP","","9588776.351310022","USD","rvYAfWj5gh67oV6fW32ZzP3Aw4Eubs59B","137313.2251948167","2015-02-11T00:01:30Z","2015-02-13T23:58:50Z","2015-02-11T00:00:00Z","NaN"
"0.014538639","0.015064836","0.013513513","0.013798633","0.014225287","3443","XRP","","10420492.03563103","USD","rvYAfWj5gh67oV6fW32ZzP3Aw4Eubs59B","148234.4877628898","2015-02-14T00:00:10Z","2015-02-16T23:33:40Z","2015-02-14T00:00:00Z","NaN"
"0.013831982","0.014214815","0.013381031","0.013685316","0.013821793","729","XRP","","3869342.773892995","USD","rvYAfWj5gh67oV6fW32ZzP3Aw4Eubs59B","53481.25352981448","2015-02-17T00:30:40Z","2015-02-19T23:57:50Z","2015-02-17T00:00:00Z","NaN"
"0.013685316","0.014097822","0.012860900","0.013012013","0.013299482","3506","XRP","","8986682.222672224","USD","rvYAfWj5gh67oV6fW32ZzP3Aw4Eubs59B","119518.2229013708","2015-02-20T00:02:00Z","2015-02-22T23:19:20Z","2015-02-20T00:00:00Z","NaN"
"0.013017000","0.013433981","0.013012013","0.013211345","0.013252874","1337","XRP","","3773332.889543983","USD","rvYAfWj5gh67oV6fW32ZzP3Aw4Eubs59B","50007.50383132866","2015-02-23T00:01:40Z","2015-02-25T23:31:00Z","2015-02-23T00:00:00Z","NaN"
"0.013210612","0.013500000","0.012678915","0.012678915","0.013095075","1291","XRP","","11926067.045901","USD","rvYAfWj5gh67oV6fW32ZzP3Aw4Eubs59B","156172.7377263259","2015-02-26T00:22:10Z","2015-02-28T23:58:30Z","2015-02-26T00:00:00Z","NaN"
"0.012777931","0.012874951","0.0085048999","0.0087120916","0.010937924","10626","XRP","","34830592.7597568","USD","rvYAfWj5gh67oV6fW32ZzP3Aw4Eubs59B","380974.3869537216","2015-03-01T00:00:50Z","2015-03-03T23:59:30Z","2015-03-01T00:00:00Z","NaN"
"0.0086307624","0.012800000","0.0086306156","0.010682996","0.010596980","4106","XRP","","16651885.52411197","USD","rvYAfWj5gh67oV6fW32ZzP3Aw4Eubs59B","176459.7047235118","2015-03-04T00:02:30Z","2015-03-06T23:28:00Z","2015-03-04T00:00:00Z","NaN"
"0.010584238","0.011000000","0.0092659998","0.010400416","0.010189831","3081","XRP","","17097164.92348101","USD","rvYAfWj5gh67oV6fW32ZzP3Aw4Eubs59B","174217.2283212799","2015-03-07T00:06:10Z","2015-03-09T23:31:50Z","2015-03-07T00:00:00Z","NaN"
"0.010300000","0.010928962","0.0096348707","0.010420000","0.010141554","1639","XRP","","9368176.683666006","USD","rvYAfWj5gh67oV6fW32ZzP3Aw4Eubs59B","95007.8678825","2015-03-10T00:05:50Z","2015-03-12T22:05:20Z","2015-03-10T00:00:00Z","NaN"
"0.010332830","0.011543499","0.010324795","0.010771197","0.010841916","1704","XRP","","8276517.427486995","USD","rvYAfWj5gh67oV6fW32ZzP3Aw4Eubs59B","89733.30585268124","2015-03-13T00:36:30Z","2015-03-15T23:59:50Z","2015-03-13T00:00:00Z","NaN"
"0.010771197","0.011363636","0.010055315","0.010311673","0.010715585","3052","XRP","","16832779.27976703","USD","rvYAfWj5gh67oV6fW32ZzP3Aw4Eubs59B","180373.0779105109","2015-03-16T00:00:00Z","2015-03-18T23:58:20Z","2015-03-16T00:00:00Z","NaN"
"0.010268376","0.010800000","0.0097499999","0.0099593653","0.010677933","3192","XRP","","120566764.2626501","USD","rvYAfWj5gh67oV6fW32ZzP3Aw4Eubs59B","1287403.771138027","2015-03-19T00:03:30Z","2015-03-21T23:42:00Z","2015-03-19T00:00:00Z","NaN"
"0.0099999999","0.010059356","0.0090409999","0.0093458050","0.0097416485","1968","XRP","","11853992.92451102","USD","rvYAfWj5gh67oV6fW32ZzP3Aw4Eubs59B","115477.4327353433","2015-03-22T01:38:00Z","2015-03-24T23:25:20Z","2015-03-22T00:00:00Z","NaN"
"0.0093009299","0.0093929999","0.0084542401","0.0086705022","0.0088202182","2179","XRP","","22396590.58581202","USD","rvYAfWj5gh67oV6fW32ZzP3Aw4Eubs59B","197542.8153099062","2015-03-25T00:00:10Z","2015-03-27T22:02:10Z","2015-03-25T00:00:00Z","NaN"
"0.0086120428","0.0087639999","0.0080385851","0.0080931779","0.0083371490","3074","XRP","","21637542.28399799","USD","rvYAfWj5gh67oV6fW32ZzP3Aw4Eubs59B","180395.4134846831","2015-03-28T01:11:40Z","2015-03-30T23:39:40Z","2015-03-28T00:00:00Z","NaN"
"0.0080802665","0.0081009057","0.0072217498","0.0079051382","0.0076309720","4449","XRP","","28567740.19900406","USD","rvYAfWj5gh67oV6fW32ZzP3Aw4Eubs59B","217999.6253914789","2015-03-31T00:16:20Z","2015-04-02T23:35:00Z","2015-03-31T00:00:00Z","NaN"
"0.0078998999","0.0093929999","0.0078382097","0.0085623058","0.0086282689","2609","XRP","","20523285.385587","USD","rvYAfWj5gh67oV6fW32ZzP3Aw4Eubs59B","177080.4241194465","2015-04-03T00:19:40Z","2015-04-05T23:43:50Z","2015-04-03T00:00:00Z","NaN"
"0.0085663574","0.0097909999","0.0085648454","0.0090483314","0.0091008366","4705","XRP","","43299374.13658396","USD","rvYAfWj5gh67oV6fW32ZzP3Aw4Eubs59B","394060.5303738441","2015-04-06T00:00:50Z","2015-04-08T23:59:30Z","2015-04-06T00:00:00Z","NaN"
"0.0090889014","0.0091332306","0.0080269999","0.0081886020","0.0085306601","2634","XRP","","23000804.22266502","USD","rvYAfWj5gh67oV6fW32ZzP3Aw4Eubs59B","196212.0428824254","2015-04-09T00:01:40Z","2015-04-11T23:59:40Z","2015-04-09T00:00:00Z","NaN"
"0.0081946684","0.0083639640","0.0073130999","0.0076997029","0.0079994218","2686","XRP","","21460103.27033501","USD","rvYAfWj5gh67oV6fW32ZzP3Aw4Eubs59B","171668.4170405354","2015-04-12T00:08:00Z","2015-04-14T23:35:50Z","2015-04-12T00:00:00Z","NaN"
"0.0077302148","0.0080772553","0.0076059999","0.0078340783","0.0078671929","1685","XRP","","12638072.348265","USD","rvYAfWj5gh67oV6fW32ZzP3Aw4Eubs59B","99426.15308083812","2015-04-15T00:52:50Z","2015-04-17T23:40:40Z","2015-04-15T00:00:00Z","NaN"
"0.0078410950","0.0081276008","0.0076591614","0.0078815365","0.0078188793","2909","XRP","","13526130.082558","USD","rvYAfWj5gh67oV6fW32ZzP3Aw4Eubs59B","105759.1778936845","2015-04-18T00:01:00Z","2015-04-20T23:56:40Z","2015-04-18T00:00:00Z","NaN"
"0.0078858469","0.0084430934","0.0076999990","0.0079089322","0.0079490816","2995","XRP","","23806512.53406501","USD","rvYAfWj5gh67oV6fW32ZzP3Aw4Eubs59B","189239.9098775622","2015-04-21T00:04:10Z","2015-04-23T23:59:00Z","2015-04-21T00:00:00Z","NaN"
"0.0079169299","0.0079876712","0.0074408332","0.0076582433","0.0077622893","1446","XRP","","11587874.26317199","USD","rvYAfWj5gh67oV6fW32ZzP3Aw4Eubs59B","89948.43185393848","2015-04-24T00:09:00Z","2015-04-26T23:55:30Z","2015-04-24T00:00:00Z","NaN"
"0.0076908051","0.0079686542","0.0072999999","0.0078124829","0.0076418381","2977","XRP","","31751504.61356998","USD","rvYAfWj5gh67oV6fW32ZzP3Aw4Eubs59B","242639.8569867115","2015-04-27T00:00:50Z","2015-04-29T23:28:10Z","2015-04-27T00:00:00Z","NaN"
"0.0078139817","0.0080609133","0.0077809999","0.0079535307","0.0079486131","2217","XRP","","17700432.96815201","USD","rvYAfWj5gh67oV6fW32ZzP3Aw4Eubs59B","140693.8929473262","2015-04-30T00:05:50Z","2015-05-02T23:07:00Z","2015-04-30T00:00:00Z","NaN"
"0.0079590917","0.0080486163","0.0076401290","0.0077146445","0.0079124862","2573","XRP","","18643741.52987","USD","rvYAfWj5gh67oV6fW32ZzP3Aw4Eubs59B","147518.3469623689","2015-05-03T00:24:30Z","2015-05-05T23:55:20Z","2015-05-03T00:00:00Z","NaN"
"0.0076881518","0.0079299999","0.0070216470","0.0075812999","0.0074188095","5660","XRP","","45900865.17424603","USD","rvYAfWj5gh67oV6fW32ZzP3Aw4Eubs59B","340529.7761530146","2015-05-06T00:03:10Z","2015-05-08T23:59:30Z","2015-05-06T00:00:00Z","NaN"
"0.0075813000","0.0076226169","0.0071039999","0.0072353844","0.0073199305","2698","XRP","","22645756.87771503","USD","rvYAfWj5gh67oV6fW32ZzP3Aw4Eubs59B","165765.3656338853","2015-05-09T00:01:40Z","2015-05-11T23:00:00Z","2015-05-09T00:00:00Z","NaN"
"0.0072341522","0.0072342487","0.0063011971","0.0065563938","0.0067811189","5857","XRP","","68689124.52248698","USD","rvYAfWj5gh67oV6fW32ZzP3Aw4Eubs59B","465789.1177011155","2015-05-12T00:12:50Z","2015-05-14T23:41:50Z","2015-05-12T00:00:00Z","NaN"
"0.0065726098","0.0068053999","0.0060999999","0.0062157452","0.0063960351","2359","XRP","","19911002.09317902","USD","rvYAfWj5gh67oV6fW32ZzP3Aw4Eubs59B","127351.4690713054","2015-05-15T00:09:40Z","2015-05-17T23:40:20Z","2015-05-15T00:00:00Z","NaN"
"0.0062150571","0.0072992700","0.0052195917","0.0063422754","0.0060368327","12806","XRP","","79999549.35814542","USD","rvYAfWj5gh67oV6fW32ZzP3Aw4Eubs59B","482943.8933642615","2015-05-18T00:04:50Z","2015-05-20T23:48:10Z","2015-05-18T00:00:00Z","NaN"
"0.0063694267","0.0069127609","0.0062999999","0.0067099554","0.0065208161","1390","XRP","","12363548.94751499","USD","rvYAfWj5gh67oV6fW32ZzP3Aw4Eubs59B","80620.42926480022","2015-05-21T00:01:30Z","2015-05-23T23:42:00Z","2015-05-21T00:00:00Z","NaN"
"0.0067361044","0.0068965516","0.0064114139","0.0066468226","0.0067296027","1544","XRP","","18070118.63912999","USD","rvYAfWj5gh67oV6fW32ZzP3Aw4Eubs59B","121604.7197798131","2015-05-24T00:15:40Z","2015-05-26T23:17:20Z","2015-05-24T00:00:00Z","NaN"
"0.0066865834","0.0097560974","0.0065613797","0.0091700724","0.0080368102","3145","XRP","","35158796.65404202","USD","rvYAfWj5gh67oV6fW32ZzP3Aw4Eubs59B","282564.5748526811","2015-05-27T00:19:00Z","2015-05-29T23:31:10Z","2015-05-27T00:00:00Z","NaN"
"0.0092121868","0.0092989873","0.0071428571","0.0072521564","0.0078058207","2415","XRP","","15270534.80421101","USD","rvYAfWj5gh67oV6fW32ZzP3Aw4Eubs59B","119199.0564985407","2015-05-30T00:01:20Z","2015-06-01T23:58:10Z","2015-05-30T00:00:00Z","NaN"
"0.0073764278","0.0083694553","0.0073130570","0.0077107610","0.0077965405","2217","XRP","","12693553.66522701","USD","rvYAfWj5gh67oV6fW32ZzP3Aw4Eubs59B","98965.80529427357","2015-06-02T00:00:00Z","2015-06-04T23:58:00Z","2015-06-02T00:00:00Z","NaN"
"0.0077683762","0.0079439999","0.0076776343","0.0078341513","0.0078169403","2958","XRP","","5230044.586526936","USD","rvYAfWj5gh67oV6fW32ZzP3Aw4Eubs59B","40882.94615657788","2015-06-05T00:08:40Z","2015-06-07T23:35:10Z","2015-06-05T00:00:00Z","NaN"
"0.0077834700","0.0079951530","0.0076900071","0.0078999999","0.0078935967","4503","XRP","","8956150.777279971","USD","rvYAfWj5gh67oV6fW32ZzP3Aw4Eubs59B","70696.24226771205","2015-06-08T00:05:00Z","2015-06-10T23:32:00Z","2015-06-08T00:00:00Z","NaN"
"0.0078999999","0.0080494687","0.0077699999","0.0079020311","0.0079227923","2627","XRP","","7738571.461147982","USD","rvYAfWj5gh67oV6fW32ZzP3Aw4Eubs59B","61311.09446027284","2015-06-11T00:07:50Z","2015-06-13T23:54:30Z","2015-06-11T00:00:00Z","NaN"
"0.0079249999","0.0095003496","0.0079040592","0.0092538880","0.0088029382","3301","XRP","","28887348.06481602","USD","rvYAfWj5gh67oV6fW32ZzP3Aw4Eubs59B","254293.5404886791","2015-06-14T00:04:30Z","2015-06-16T23:55:20Z","2015-06-14T00:00:00Z","NaN"
"0.0092183712","0.011480014","0.0089309635","0.011107633","0.010157510","5544","XRP","","39890489.21608824","USD","rvYAfWj5gh67oV6fW32ZzP3Aw4Eubs59B","405188.0610525052","2015-06-17T00:06:20Z","2015-06-19T23:25:20Z","2015-06-17T00:00:00Z","NaN"
"0.011095277","0.011228731","0.0095089999","0.010694523","0.010311183","8162","XRP","","18065221.68035099","USD","rvYAfWj5gh67oV6fW32ZzP3Aw4Eubs59B","186273.8004741204","2015-06-20T00:14:30Z","2015-06-22T23:54:20Z","2015-06-20T00:00:00Z","NaN"
"0.010695187","0.011000000","0.010200000","0.010865129","0.010649444","8843","XRP","","10172484.0298302","USD","rvYAfWj5gh67oV6fW32ZzP3Aw4Eubs59B","108331.3040227874","2015-06-23T00:00:20Z","2015-06-25T23:39:30Z","2015-06-23T00:00:00Z","NaN"
"0.010880857","0.011627400","0.010855353","0.011621075","0.011259762","1540","XRP","","8752869.918811003","USD","rvYAfWj5gh67oV6fW32ZzP3Aw4Eubs59B","98555.22825011176","2015-06-26T00:01:50Z","2015-06-28T23:54:40Z","2015-06-26T00:00:00Z","NaN"
"0.011617100","0.011923895","0.010300000","0.010849000","0.011316885","3465","XRP","","19648099.17035098","USD","rvYAfWj5gh67oV6fW32ZzP3Aw4Eubs59B","222355.2783859718","2015-06-29T00:25:40Z","2015-07-01T22:41:40Z","2015-06-29T00:00:00Z","NaN"
"0.010836508","0.011094184","0.010520000","0.010539338","0.010791603","1556","XRP","","8488077.457676997","USD","rvYAfWj5gh67oV6fW32ZzP3Aw4Eubs59B","91599.96165647329","2015-07-02T00:04:00Z","2015-07-04T23:28:40Z","2015-07-02T00:00:00Z","NaN"
"0.010520000","0.010549900","0.0090979999","0.0093201762","0.0097444590","2259","XRP","","25958927.56782798","USD","rvYAfWj5gh67oV6fW32ZzP3Aw4Eubs59B","252955.7064835982","2015-07-05T00:05:20Z","2015-07-07T23:54:10Z","2015-07-05T00:00:00Z","NaN"
"0.0093703733","0.0097340482","0.0084033612","0.0086087718","0.0088975275","3097","XRP","","24117614.33980096","USD","rvYAfWj5gh67oV6fW32ZzP3Aw4Eubs59B","214587.1366205612","2015-07-08T00:29:00Z","2015-07-10T23:27:20Z","2015-07-08T00:00:00Z","NaN"
"0.0085971233","0.0087950746","0.0081807006","0.0085060905","0.0084698838","2086","XRP","","17216464.587382","USD","rvYAfWj5gh67oV6fW32ZzP3Aw4Eubs59B","145821.4541736014","2015-07-11T00:02:10Z","2015-07-13T23:45:30Z","2015-07-11T00:00:00Z","NaN"
"0.0085108768","0.0088999999","0.0078160655","0.0079113083","0.0084233922","3097","XRP","","29509337.68993501","USD","rvYAfWj5gh67oV6fW32ZzP3Aw4Eubs59B","248568.725070576","2015-07-14T00:14:30Z","2015-07-16T23:12:30Z","2015-07-14T00:00:00Z","NaN"
"0.0079257528","0.0080668520","0.0078829468","0.0079532082","0.0079689366","490","XRP","","6047702.557290001","USD","rvYAfWj5gh67oV6fW32ZzP3Aw4Eubs59B","48193.75852308419","2015-07-17T00:00:40Z","2015-07-19T23:23:20Z","2015-07-17T00:00:00Z","NaN"
"0.0080110938","0.0080515297","0.0072859999","0.0075110692","0.0077109711","2237","XRP","","26645459.11658201","USD","rvYAfWj5gh67oV6fW32ZzP3Aw4Eubs59B","205462.3652093597","2015-07-20T01:37:30Z","2015-07-22T23:41:20Z","2015-07-20T00:00:00Z","NaN"
"0.0075373021","0.0078782316","0.0073698430","0.0077936106","0.0076075325","1072","XRP","","7072297.576134","USD","rvYAfWj5gh67oV6fW32ZzP3Aw4Eubs59B","53802.73388707959","2015-07-23T00:09:40Z","2015-07-25T23:58:40Z","2015-07-23T00:00:00Z","NaN"
"0.0077980061","0.0088229238","0.0077274957","0.0083837838","0.0084486005","1845","XRP","","17956005.25406402","USD","rvYAfWj5gh67oV6fW32ZzP3Aw4Eubs59B","151703.1140832108","2015-07-26T00:54:30Z","2015-07-28T21:34:10Z","2015-07-26T00:00:00Z","NaN"
"0.0083780368","0.0086127821","0.0081959726","0.0082799999","0.0083927056","1535","XRP","","13966728.30950199","USD","rvYAfWj5gh67oV6fW32ZzP3Aw4Eubs59B","117218.6386855197","2015-07-29T02:04:50Z","2015-07-31T23:59:00Z","2015-07-29T00:00:00Z","NaN"
"0.0082799999","0.0083499447","0.0079999999","0.0081699121","0.0081717622","1974","XRP","","12295854.133664","USD","rvYAfWj5gh67oV6fW32ZzP3Aw4Eubs59B","100478.7964841371","2015-08-01T00:00:10Z","2015-08-03T23:59:40Z","2015-08-01T00:00:00Z","NaN"
"0.0081699121","0.0082216772","0.0076999999","0.0077614423","0.0080128514","2399","XRP","","19122960.10599004","USD","rvYAfWj5gh67oV6fW32ZzP3Aw4Eubs59B","153229.4371551054","2015-08-04T00:28:30Z","2015-08-06T23:59:30Z","2015-08-04T00:00:00Z","NaN"
"0.0077592053","0.0087833326","0.0077126935","0.0085828578","0.0083346265","3066","XRP","","26875644.88041697","USD","rvYAfWj5gh67oV6fW32ZzP3Aw4Eubs59B","223998.4626672252","2015-08-07T00:00:40Z","2015-08-09T23:42:50Z","2015-08-07T00:00:00Z","NaN"
"0.0085740917","0.0088888888","0.0081279885","0.0081855555","0.0085223674","1766","XRP","","21906346.640764","USD","rvYAfWj5gh67oV6fW32ZzP3Aw4Eubs59B","186693.9334128008","2015-08-10T00:10:50Z","2015-08-12T23:52:20Z","2015-08-10T00:00:00Z","NaN"
"0.0081755359","0.0085050223","0.0080333344","0.0083469787","0.0082420447","1717","XRP","","11659433.58176399","USD","rvYAfWj5gh67oV6fW32ZzP3Aw4Eubs59B","96097.57222758552","2015-08-13T00:18:10Z","2015-08-15T23:56:30Z","2015-08-13T00:00:00Z","NaN"
"0.0083677991","0.0085097277","0.0079441898","0.0079551489","0.0081884599","1982","XRP","","15299512.384969","USD","rvYAfWj5gh67oV6fW32ZzP3Aw4Eubs59B","125279.443563212","2015-08-16T00:00:40Z","2015-08-18T23:59:50Z","2015-08-16T00:00:00Z","NaN"
"0.0079551494","0.0080410270","0.0075903959","0.0078304367","0.0077907841","2560","XRP","","23527004.67071601","USD","rvYAfWj5gh67oV6fW32ZzP3Aw4Eubs59B","183293.814274731","2015-08-19T00:00:00Z","2015-08-21T23:53:00Z","2015-08-19T00:00:00Z","NaN"
"0.0078290123","0.0078353867","0.0068965516","0.0071816259","0.0074899696","3070","XRP","","34030476.50657408","USD","rvYAfWj5gh67oV6fW32ZzP3Aw4Eubs59B","254887.2328989014","2015-08-22T00:01:30Z","2015-08-24T23:54:10Z","2015-08-22T00:00:00Z","NaN"
"0.0071377180","0.0075326277","0.0066039999","0.0074893108","0.0070224779","2616","XRP","","25383998.34674301","USD","rvYAfWj5gh67oV6fW32ZzP3Aw4Eubs59B","178258.5663034646","2015-08-25T00:00:50Z","2015-08-27T23:43:50Z","2015-08-25T00:00:00Z","NaN"
"0.0074649999","0.0079029999","0.0071926921","0.0078466676","0.0075315843","2218","XRP","","24289358.78537399","USD","rvYAfWj5gh67oV6fW32ZzP3Aw4Eubs59B","182937.3521806228","2015-08-28T00:04:10Z","2015-08-30T21:54:20Z","2015-08-28T00:00:00Z","NaN"
"0.0078647465","0.0078969999","0.0072799999","0.0075954449","0.0076435312","2833","XRP","","32516925.580245","USD","rvYAfWj5gh67oV6fW32ZzP3Aw4Eubs59B","248544.1348581939","2015-08-31T00:08:20Z","2015-09-02T23:36:00Z","2015-08-31T00:00:00Z","NaN"
"0.0076325193","0.0079683189","0.0066999999","0.0075191146","0.0075236343","3403","XRP","","31272078.38006195","USD","rvYAfWj5gh67oV6fW32ZzP3Aw4Eubs59B","235279.6816836376","2015-09-03T00:02:40Z","2015-09-05T23:59:30Z","2015-09-03T00:00:00Z","NaN"
"0.0074989999","0.0079834153","0.0074989999","0.0077170929","0.0078039963","1711","XRP","","16726200.082728","USD","rvYAfWj5gh67oV6fW32ZzP3Aw4Eubs59B","130531.2031015673","2015-09-06T00:21:40Z","2015-09-08T23:36:10Z","2015-09-06T00:00:00Z","NaN"
"0.0077204850","0.0077493015","0.0074703966","0.0075584461","0.0076161100","1478","XRP","","20544186.96956301","USD","rvYAfWj5gh67oV6fW32ZzP3Aw4Eubs59B","156466.7878874875","2015-09-09T02:12:40Z","2015-09-11T23:57:30Z","2015-09-09T00:00:00Z","NaN"
"0.0075743831","0.0077354768","0.0070069999","0.0071307546","0.0074324580","2231","XRP","","21333817.05484102","USD","rvYAfWj5gh67oV6fW32ZzP3Aw4Eubs59B","158562.6992184069","2015-09-12T00:50:50Z","2015-09-14T23:59:50Z","2015-09-12T00:00:00Z","NaN"
"0.0071314189","0.0079286052","0.0070637359","0.0073669999","0.0073168090","5865","XRP","","35627401.29006097","USD","rvYAfWj5gh67oV6fW32ZzP3Aw4Eubs59B","260678.8913553596","2015-09-15T00:00:00Z","2015-09-17T23:52:20Z","2015-09-15T00:00:00Z","NaN"
"0.0073746271","0.0074787317","0.0070699999","0.0071899999","0.0072760392","2771","XRP","","32856959.05321299","USD","rvYAfWj5gh67oV6fW32ZzP3Aw4Eubs59B","239068.5205440795","2015-09-18T00:15:00Z","2015-09-20T23:56:20Z","2015-09-18T00:00:00Z","NaN"
"0.0071530018","0.0071899999","0.0062499999","0.0062973404","0.0066228400","4503","XRP","","47096455.18161903","USD","rvYAfWj5gh67oV6fW32ZzP3Aw4Eubs59B","311912.2873578597","2015-09-21T00:01:00Z","2015-09-23T23:52:20Z","2015-09-21T00:00:00Z","NaN"
"0.0063069211","0.0067061548","0.0061012812","0.0063244616","0.0064551082","5005","XRP","","43503508.91367","USD","rvYAfWj5gh67oV6fW32ZzP3Aw4Eubs59B","280819.8571381133","2015-09-24T00:01:50Z","2015-09-26T23:59:50Z","2015-09-24T00:00:00Z","NaN"
"0.0063244616","0.0066052331","0.0049575822","0.0050080827","0.0057321922","6505","XRP","","66704477.55206221","USD","rvYAfWj5gh67oV6fW32ZzP3Aw4Eubs59B","382362.8851579425","2015-09-27T00:00:50Z","2015-09-29T23:55:00Z","2015-09-27T00:00:00Z","NaN"
"0.0050137952","0.0059763250","0.0049879999","0.0057315747","0.0054522042","4880","XRP","","62560205.890945","USD","rvYAfWj5gh67oV6fW32ZzP3Aw4Eubs59B","341091.0200220763","2015-09-30T00:00:30Z","2015-10-02T23:59:20Z","2015-09-30T00:00:00Z","NaN"
"0.0057297949","0.0057883621","0.0046009999","0.0048856312","0.0050823744","4738","XRP","","50112533.8246799","USD","rvYAfWj5gh67oV6fW32ZzP3Aw4Eubs59B","254690.6613259842","2015-10-03T00:02:10Z","2015-10-05T23:59:00Z","2015-10-03T00:00:00Z","NaN"
"0.0048856312","0.0054054053","0.0046838407","0.0048179999","0.0050058185","4746","XRP","","66286378.79344887","USD","rvYAfWj5gh67oV6fW32ZzP3Aw4Eubs59B","331817.5806026838","2015-10-06T00:00:00Z","2015-10-08T23:54:50Z","2015-10-06T00:00:00Z","NaN"
"0.0048192770","0.0051605570","0.0045617707","0.0051605570","0.0048505472","2449","XRP","","29880574.53827102","USD","rvYAfWj5gh67oV6fW32ZzP3Aw4Eubs59B","144937.1368141074","2015-10-09T00:01:00Z","2015-10-11T22:54:00Z","2015-10-09T00:00:00Z","NaN"
"0.0051651088","0.0054639261","0.0051410158","0.0052849999","0.0052740015","2027","XRP","","19213109.59639398","USD","rvYAfWj5gh67oV6fW32ZzP3Aw4Eubs59B","101329.968225575","2015-10-12T00:16:00Z","2015-10-14T23:56:40Z","2015-10-12T00:00:00Z","NaN"
"0.0052729883","0.0054498999","0.0049808554","0.0050179008","0.0052466728","3199","XRP","","40831934.05014494","USD","rvYAfWj5gh67oV6fW32ZzP3Aw4Eubs59B","214231.7983749691","2015-10-15T00:40:00Z","2015-10-17T23:50:50Z","2015-10-15T00:00:00Z","NaN"
"0.0050149262","0.0050889312","0.0045105999","0.0046536621","0.0048005681","3517","XRP","","44041700.73904896","USD","rvYAfWj5gh67oV6fW32ZzP3Aw4Eubs59B","211425.1827189612","2015-10-18T00:05:20Z","2015-10-20T23:56:10Z","2015-10-18T00:00:00Z","NaN"
"0.0046561853","0.0047924814","0.0045544469","0.0045774470","0.0046500691","2546","XRP","","42796588.24731313","USD","rvYAfWj5gh67oV6fW32ZzP3Aw4Eubs59B","199007.0933797683","2015-10-21T00:01:40Z","2015-10-23T23:41:30Z","2015-10-21T00:00:00Z","NaN"
"0.0045846023","0.0047629999","0.0044587124","0.0045749999","0.0045794202","3188","XRP","","45132005.9024941","USD","rvYAfWj5gh67oV6fW32ZzP3Aw4Eubs59B","206678.418134166","2015-10-24T00:17:20Z","2015-10-26T23:58:10Z","2015-10-24T00:00:00Z","NaN"
"0.0045749999","0.0047219608","0.0043478260","0.0045222586","0.0045535171","12145","XRP","","55153705.54277004","USD","rvYAfWj5gh67oV6fW32ZzP3Aw4Eubs59B","251143.3430683561","2015-10-27T00:06:00Z","2015-10-29T23:59:21Z","2015-10-27T00:00:00Z","NaN"
"0.0045222580","0.0049341000","0.0044644836","0.0047924769","0.0046710579","8471","XRP","","71750685.53274068","USD","rvYAfWj5gh67oV6fW32ZzP3Aw4Eubs59B","335151.6090192806","2015-10-30T00:00:40Z","2015-11-01T23:59:01Z","2015-10-30T00:00:00Z","NaN"
"0.0048026294","0.0055555208","0.0044999999","0.0045973417","0.0050706572","37265","XRP","","118804843.1072733","USD","rvYAfWj5gh67oV6fW32ZzP3Aw4Eubs59B","602418.6328840887","2015-11-02T00:01:30Z","2015-11-04T23:59:51Z","2015-11-02T00:00:00Z","4942284.649862395"
"0.0045900352","0.0046843478","0.0042546029","0.0045662100","0.0044548554","8637","XRP","","117184239.7131155","USD","rvYAfWj5gh67oV6fW32ZzP3Aw4Eubs59B","522038.8406016511","2015-11-05T00:01:51Z","2015-11-07T23:59:51Z","2015-11-05T00:00:00Z","NaN"
"0.0045662100","0.0046189376","0.0042882824","0.0044063449","0.0044840577","3564","XRP","","40138204.99359289","USD","rvYAfWj5gh67oV6fW32ZzP3Aw4Eubs59B","179982.0280735605","2015-11-08T00:00:00Z","2015-11-10T23:59:50Z","2015-11-08T00:00:00Z","2875424.362854995"
"0.0044063449","0.0047735437","0.0040899999","0.0043457935","0.0043644237","6265","XRP","","68616195.69562398","USD","rvYAfWj5gh67oV6fW32ZzP3Aw4Eubs59B","299470.1496404721","2015-11-11T00:00:00Z","2015-11-13T23:32:32Z","2015-11-11T00:00:00Z","15925820.321544645"
"0.0043571789","0.0043571789","0.0040244111","0.0042292814","0.0041715851","3196","XRP","","51493376.55344105","USD","rvYAfWj5gh67oV6fW32ZzP3Aw4Eubs59B","214809.0021949958","2015-11-14T00:41:52Z","2015-11-16T23:59:40Z","2015-11-14T00:00:00Z","15350371.496044235"
"0.0042283298","0.0042580198","0.0041228615","0.0041849441","0.0042048542","2285","XRP","","39369413.600081","USD","rvYAfWj5gh67oV6fW32ZzP3Aw4Eubs59B","165542.643971044","2015-11-17T00:00:51Z","2015-11-19T23:52:10Z","2015-11-17T00:00:00Z","15977596.92404906"
"0.0041841004","0.0042581261","0.0041218920","0.0041914956","0.0041930171","2318","XRP","","44191387.46958198","USD","rvYAfWj5gh67oV6fW32ZzP3Aw4Eubs59B","185295.2431124553","2015-11-20T00:02:30Z","2015-11-22T23:33:20Z","2015-11-20T00:00:00Z","10640338.792118013"
"0.0041895560","0.0042553191","0.0041459999","0.0042521860","0.0042116482","1704","XRP","","41556272.023136","USD","rvYAfWj5gh67oV6fW32ZzP3Aw4Eubs59B","175020.3962310804","2015-11-23T00:18:00Z","2015-11-25T23:47:41Z","2015-11-23T00:00:00Z","9531183.345020557"
"0.0042535091","0.0042867752","0.0041439229","0.0042268957","0.0042291817","1970","XRP","","31003340.20796797","USD","rvYAfWj5gh67oV6fW32ZzP3Aw4Eubs59B","131118.7590670077","2015-11-26T00:07:21Z","2015-11-28T23:59:12Z","2015-11-26T00:00:00Z","8003015.0092217615"
"0.0042188051","0.0042716787","0.0039260148","0.0041373603","0.0041392012","2776","XRP","","48473671.93679103","USD","rvYAfWj5gh67oV6fW32ZzP3Aw4Eubs59B","200642.2786681449","2015-11-29T02:37:41Z","2015-12-01T23:59:22Z","2015-11-29T00:00:00Z","21382977.1221991"
"0.0041285067","0.0050999999","0.0040066478","0.0047726982","0.0044907814","4353","XRP","","73792856.1118231","USD","rvYAfWj5gh67oV6fW32ZzP3Aw4Eubs59B","331387.583061269","2015-12-02T00:00:51Z","2015-12-04T23:58:51Z","2015-12-02T00:00:00Z","25239084.370176345"
"0.0047787815","0.0056497174","0.0047475832","0.0055464917","0.0052680023","6657","XRP","","69512958.27517214","USD","rvYAfWj5gh67oV6fW32ZzP3Aw4Eubs59B","366194.4261973061","2015-12-05T00:02:51Z","2015-12-07T23:59:50Z","2015-12-05T00:00:00Z","24253310.278511163"
"0.0055402639","0.0097665820","0.0054794104","0.0075821509","0.0080366770","24682","XRP","","306072091.2963349","USD","rvYAfWj5gh67oV6fW32ZzP3Aw4Eubs59B","2459802.549157602","2015-12-08T00:00:11Z","2015-12-10T23:59:11Z","2015-12-08T00:00:00Z","121254480.73096056"
"0.0075815010","0.0090909090","0.0069424544","0.0086413670","0.0082360757","21319","XRP","","166865441.985727","USD","rvYAfWj5gh67oV6fW32ZzP3Aw4Eubs59B","1374316.418550771","2015-12-11T00:03:31Z","2015-12-13T23:54:30Z","2015-12-11T00:00:00Z","64705707.26762087"
"0.0086063492","0.0087214372","0.0050329999","0.0067223687","0.0069097174","16887","XRP","","203734402.0118055","USD","rvYAfWj5gh67oV6fW32ZzP3Aw4Eubs59B","1407747.134959152","2015-12-14T00:05:01Z","2015-12-16T23:48:00Z","2015-12-14T00:00:00Z","100564611.72874095"
"0.0066999999","0.0069348127","0.0059999999","0.0061349692","0.0063414208","4825","XRP","","50650996.230616","USD","rvYAfWj5gh67oV6fW32ZzP3Aw4Eubs59B","321199.2815512437","2015-12-17T00:17:10Z","2015-12-19T23:47:11Z","2015-12-17T00:00:00Z","17477008.41876749"
"0.0061227861","0.0064271887","0.0059789999","0.0060901339","0.0061612001","8236","XRP","","80145931.01875445","USD","rvYAfWj5gh67oV6fW32ZzP3Aw4Eubs59B","493795.1211586144","2015-12-22T23:50:40Z","2015-12-22T23:50:40Z","2015-12-20T00:00:00Z","5176742.686729352"
"0.0060715999","0.0066749799","0.0057448563","0.0064999999","0.0060575434","6566","XRP","","79359972.86107647","USD","rvYAfWj5gh67oV6fW32ZzP3Aw4Eubs59B","480726.4797305359","2015-12-25T23:53:00Z","2015-12-25T23:53:00Z","2015-12-23T00:00:00Z","NaN"
"0.0064999999","0.0064999999","0.0060680242","0.0063309999","0.0062755278","8142","XRP","","75184241.09954996","USD","rvYAfWj5gh67oV6fW32ZzP3Aw4Eubs59B","471820.7968189366","2015-12-28T23:59:50Z","2015-12-28T23:59:50Z","2015-12-26T00:00:00Z","NaN"
"0.0063597352","0.0063694267","0.0058500099","0.0058595841","0.0060845439","7160","XRP","","85119975.4537358","USD","rvYAfWj5gh67oV6fW32ZzP3Aw4Eubs59B","517916.2273194457","2015-12-31T23:36:20Z","2015-12-31T23:36:20Z","2015-12-29T00:00:00Z","NaN"
"0.0058685445","0.0061999999","0.0057019999","0.0058582307","0.0059677676","4446","XRP","","42617469.56215398","USD","rvYAfWj5gh67oV6fW32ZzP3Aw4Eubs59B","254331.1550823321","2016-01-03T23:56:40Z","2016-01-03T23:56:40Z","2016-01-01T00:00:00Z","NaN"
"0.0058635349","0.0061989999","0.0058635349","0.0060024009","0.0059726852","5542","XRP","","58061064.59435789","USD","rvYAfWj5gh67oV6fW32ZzP3Aw4Eubs59B","346780.460982391","2016-01-06T23:59:10Z","2016-01-06T23:59:10Z","2016-01-04T00:00:00Z","5084939.434267498"
"0.0060015377","0.0060310955","0.0058601999","0.0059559261","0.0059495942","4958","XRP","","59309467.20002801","USD","rvYAfWj5gh67oV6fW32ZzP3Aw4Eubs59B","352867.2608178093","2016-01-09T22:55:31Z","2016-01-09T22:55:31Z","2016-01-07T00:00:00Z","10414217.102487834"
"0.0059424601","0.0060210857","0.0057730960","0.0057730960","0.0058822229","2931","XRP","","17168357.63979004","USD","rvYAfWj5gh67oV6fW32ZzP3Aw4Eubs59B","100988.1069995984","2016-01-12T23:56:20Z","2016-01-12T23:56:20Z","2016-01-10T00:00:00Z","2576272.563702102"
"0.0058255485","0.0058519459","0.0050910823","0.0050910823","0.0055429389","4648","XRP","","51146312.909351","USD","rvYAfWj5gh67oV6fW32ZzP3Aw4Eubs59B","283500.8889952165","2016-01-15T23:58:00Z","2016-01-15T23:58:00Z","2016-01-13T00:00:00Z","19238349.484956086"
"0.0050592227","0.0055555555","0.0048780725","0.0052520986","0.0051698344","3982","XRP","","59672735.04320103","USD","rvYAfWj5gh67oV6fW32ZzP3Aw4Eubs59B","308498.1560106938","2016-01-18T23:44:01Z","2016-01-18T23:44:01Z","2016-01-16T00:00:00Z","11681958.437495897"
"0.0052572243","0.0054134250","0.0050999999","0.0051813471","0.0052612298","11024","XRP","","94891673.76593006","USD","rvYAfWj5gh67oV6fW32ZzP3Aw4Eubs59B","499246.9029177778","2016-01-21T23:54:20Z","2016-01-21T23:54:20Z","2016-01-19T00:00:00Z","23608962.77188513"
"0.0051840331","0.0052631578","0.0050180066","0.0051519834","0.0051170910","6556","XRP","","87149232.92909025","USD","rvYAfWj5gh67oV6fW32ZzP3Aw4Eubs59B","445950.5518871963","2016-01-24T23:53:40Z","2016-01-24T23:53:40Z","2016-01-22T00:00:00Z","11269810.199630361"
"0.0051225842","0.0072306579","0.0050514947","0.0065459774","0.0058960044","16048","XRP","","246304356.3811846","USD","rvYAfWj5gh67oV6fW32ZzP3Aw4Eubs59B","1452211.57410161","2016-01-27T23:59:01Z","2016-01-27T23:59:01Z","2016-01-25T00:00:00Z","45351802.30443868"
"0.0065446137","0.0072463767","0.0055499999","0.0065191055","0.0064701320","29736","XRP","","407783473.1372262","USD","rvYAfWj5gh67oV6fW32ZzP3Aw4Eubs59B","2638412.917969314","2016-01-30T23:18:52Z","2016-01-30T23:18:52Z","2016-01-28T00:00:00Z","89564058.55571729"
"0.0065524718","0.0069927007","0.0061652280","0.0067375146","0.0064829690","15620","XRP","","160762929.6984577","USD","rvYAfWj5gh67oV6fW32ZzP3Aw4Eubs59B","1042221.086256579","2016-02-02T23:21:32Z","2016-02-02T23:21:32Z","2016-01-31T00:00:00Z","31014261.66189801"
"0.0067489413","0.0074239049","0.0067114093","0.0073068042","0.0069565455","14362","XRP","","236043369.3348303","USD","rvYAfWj5gh67oV6fW32ZzP3Aw4Eubs59B","1642046.435766969","2016-02-05T23:59:50Z","2016-02-05T23:59:50Z","2016-02-03T00:00:00Z","60036560.88064736"
"0.0073092145","0.0089899999","0.0071834286","0.0076399999","0.0080358458","21038","XRP","","263682412.8524936","USD","rvYAfWj5gh67oV6fW32ZzP3Aw4Eubs59B","2118911.219020649","2016-02-08T23:09:22Z","2016-02-08T23:09:22Z","2016-02-06T00:00:00Z","62599987.82650404"
"0.0076399999","0.0078008049","0.0074499999","0.0077409345","0.0076739751","9030","XRP","","102519643.1961859","USD","rvYAfWj5gh67oV6fW32ZzP3Aw4Eubs59B","786733.1887436798","2016-02-11T23:59:50Z","2016-02-11T23:59:50Z","2016-02-09T00:00:00Z","18647235.784154136"
"0.0077339519","0.0085981500","0.0076374152","0.0083963055","0.0081437590","9932","XRP","","116040394.6371412","USD","rvYAfWj5gh67oV6fW32ZzP3Aw4Eubs59B","945005.0084256182","2016-02-14T23:59:32Z","2016-02-14T23:59:32Z","2016-02-12T00:00:00Z","24791599.636441726"
"0.0083842525","0.0085401128","0.0075081343","0.0077892141","0.0081377322","9107","XRP","","149703186.2552699","USD","rvYAfWj5gh67oV6fW32ZzP3Aw4Eubs59B","1218244.434724254","2016-02-17T23:58:31Z","2016-02-17T23:58:31Z","2016-02-15T00:00:00Z","37696935.0426937"
"0.0078064011","0.0082307404","0.0075826535","0.0080266940","0.0079997886","8840","XRP","","113028478.4063557","USD","rvYAfWj5gh67oV6fW32ZzP3Aw4Eubs59B","904203.9380682786","2016-02-20T23:59:41Z","2016-02-20T23:59:41Z","2016-02-18T00:00:00Z","22246693.705592178"
"0.0080632283","0.0080632283","0.0077999999","0.0079113923","0.0079041343","7592","XRP","","93606829.12561181","USD","rvYAfWj5gh67oV6fW32ZzP3Aw4Eubs59B","739880.9515078967","2016-02-23T23:59:40Z","2016-02-23T23:59:40Z","2016-02-21T00:00:00Z","21112400.33045301"
"0.0079115602","0.0081009999","0.0077573638","0.0079302140","0.0079542818","8128","XRP","","133058624.351408","USD","rvYAfWj5gh67oV6fW32ZzP3Aw4Eubs59B","1058385.79755151","2016-02-26T23:58:22Z","2016-02-26T23:58:22Z","2016-02-24T00:00:00Z","29315471.839550193"
"0.0079268661","0.0079621560","0.0076487301","0.0079113923","0.0078011988","7122","XRP","","85912005.58675176","USD","rvYAfWj5gh67oV6fW32ZzP3Aw4Eubs59B","670216.6388283231","2016-02-29T23:53:32Z","2016-02-29T23:53:32Z","2016-02-27T00:00:00Z","17462867.30446753"
"0.0079113923","0.0080318284","0.0078125304","0.0079999999","0.0079396767","7368","XRP","","75677546.22154589","USD","rvYAfWj5gh67oV6fW32ZzP3Aw4Eubs59B","600855.2495284716","2016-03-03T23:34:12Z","2016-03-03T23:34:12Z","2016-03-01T00:00:00Z","19413274.22949147"
"0.0080093837","0.0081108409","0.0076954450","0.0078044046","0.0078799849","8680","XRP","","102461565.9458419","USD","rvYAfWj5gh67oV6fW32ZzP3Aw4Eubs59B","807395.5912348116","2016-03-06T23:09:00Z","2016-03-06T23:09:00Z","2016-03-04T00:00:00Z","21473167.406516843"
"0.0078064011","0.0080192461","0.0077277750","0.0079763664","0.0078625769","8166","XRP","","86838343.56389767","USD","rvYAfWj5gh67oV6fW32ZzP3Aw4Eubs59B","682773.1539726144","2016-03-09T23:59:02Z","2016-03-09T23:59:02Z","2016-03-07T00:00:00Z","16643305.310780426"
"0.0079554494","0.0093023255","0.0079029730","0.0085101389","0.0084895466","23094","XRP","","268737164.5240898","USD","rvYAfWj5gh67oV6fW32ZzP3Aw4Eubs59B","2281456.668523188","2016-03-12T23:59:41Z","2016-03-12T23:59:41Z","2016-03-10T00:00:00Z","56756340.61178345"
"0.0085169528","0.0086323391","0.0082209353","0.0082236841","0.0083869858","8324","XRP","","109434670.0405818","USD","rvYAfWj5gh67oV6fW32ZzP3Aw4Eubs59B","917827.0282144838","2016-03-15T23:45:11Z","2016-03-15T23:45:11Z","2016-03-13T00:00:00Z","24023645.3946283"
"0.0082118806","0.0083318790","0.0079999999","0.0080488865","0.0081712036","8050","XRP","","84961473.06347193","USD","rvYAfWj5gh67oV6fW32ZzP3Aw4Eubs59B","694237.4951820917","2016-03-18T22:34:41Z","2016-03-18T22:34:41Z","2016-03-16T00:00:00Z","13708837.082388874"
"0.0080488865","0.0080633126","0.0077849999","0.0079176563","0.0078991490","5844","XRP","","55030498.11563792","USD","rvYAfWj5gh67oV6fW32ZzP3Aw4Eubs59B","434694.1065657975","2016-03-21T23:41:52Z","2016-03-21T23:41:52Z","2016-03-19T00:00:00Z","12289772.808069348"
"0.0079207440","0.0083923771","0.0078559207","0.0082013419","0.0081719592","5784","XRP","","78004257.03602779","USD","rvYAfWj5gh67oV6fW32ZzP3Aw4Eubs59B","637447.6027181977","2016-03-24T23:59:40Z","2016-03-24T23:59:40Z","2016-03-22T00:00:00Z","3571757.0475024576"
"0.0081984161","0.0082108454","0.0079121784","0.0079358655","0.0080732950","2261","XRP","","27514705.74891501","USD","rvYAfWj5gh67oV6fW32ZzP3Aw4Eubs59B","222134.336094826","2016-03-27T23:35:10Z","2016-03-27T23:35:10Z","2016-03-25T00:00:00Z","NaN"
"0.0079291621","0.0079491255","0.0069731346","0.0069832730","0.0074534310","10992","XRP","","122881737.815859","USD","rvYAfWj5gh67oV6fW32ZzP3Aw4Eubs59B","915890.5560372791","2016-03-30T23:58:31Z","2016-03-30T23:58:31Z","2016-03-28T00:00:00Z","NaN"
"0.0070017230","0.0075244544","0.0068798279","0.0074349441","0.0073117744","6210","XRP","","75297745.77087504","USD","rvYAfWj5gh67oV6fW32ZzP3Aw4Eubs59B","550560.1281410772","2016-04-02T23:58:00Z","2016-04-02T23:58:00Z","2016-03-31T00:00:00Z","NaN"
"0.0074368373","0.0074999999","0.0073340521","0.0073529411","0.0074039168","2836","XRP","","31748190.91369499","USD","rvYAfWj5gh67oV6fW32ZzP3Aw4Eubs59B","235060.9633324041","2016-04-05T23:56:12Z","2016-04-05T23:56:12Z","2016-04-03T00:00:00Z","NaN"
"0.0073533776","0.0073533776","0.0064854538","0.0065954134","0.0068006452","7470","XRP","","93142043.71760699","USD","rvYAfWj5gh67oV6fW32ZzP3Aw4Eubs59B","633425.9970081659","2016-04-08T23:59:32Z","2016-04-08T23:59:32Z","2016-04-06T00:00:00Z","39340594.28061906"
"0.0065954148","0.0065954365","0.0056570372","0.0059083085","0.0060566626","9073","XRP","","132410443.2814727","USD","rvYAfWj5gh67oV6fW32ZzP3Aw4Eubs59B","801965.3821070886","2016-04-11T23:53:32Z","2016-04-11T23:53:32Z","2016-04-09T00:00:00Z","63554539.89613425"
"0.0059017178","0.0063456136","0.0055201035","0.0062221331","0.0058513059","8172","XRP","","82046206.00762175","USD","rvYAfWj5gh67oV6fW32ZzP3Aw4Eubs59B","480077.4518537421","2016-04-14T23:59:51Z","2016-04-14T23:59:51Z","2016-04-12T00:00:00Z","37566341.487009026"
"0.0062085448","0.0065402223","0.0061700427","0.0064900465","0.0064074425","3734","XRP","","31086150.92770699","USD","rvYAfWj5gh67oV6fW32ZzP3Aw4Eubs59B","199182.726129465","2016-04-17T23:57:50Z","2016-04-17T23:57:50Z","2016-04-15T00:00:00Z","15611711.226372765"
"0.0065114770","0.0075642964","0.0064999999","0.0074109118","0.0071121969","16926","XRP","","195571556.368558","USD","rvYAfWj5gh67oV6fW32ZzP3Aw4Eubs59B","1390943.408597495","2016-04-20T23:59:22Z","2016-04-20T23:59:22Z","2016-04-18T00:00:00Z","40630035.28121528"
"0.0074074073","0.0076250658","0.0070120048","0.0072901118","0.0073564948","15444","XRP","","193678843.247758","USD","rvYAfWj5gh67oV6fW32ZzP3Aw4Eubs59B","1424797.400995837","2016-04-23T23:45:41Z","2016-04-23T23:45:41Z","2016-04-21T00:00:00Z","40017247.43500375"
"0.0072901118","0.0074129409","0.0068609833","0.0068896809","0.0071984546","10008","XRP","","153321196.0713339","USD","rvYAfWj5gh67oV6fW32ZzP3Aw4Eubs59B","1103675.667488741","2016-04-26T23:59:42Z","2016-04-26T23:59:42Z","2016-04-24T00:00:00Z","30643512.721084762"
"0.0068908987","0.0069187766","0.0065150468","0.0067502335","0.0066899834","11034","XRP","","174928162.1479842","USD","rvYAfWj5gh67oV6fW32ZzP3Aw4Eubs59B","1170266.509139706","2016-04-29T23:50:30Z","2016-04-29T23:50:30Z","2016-04-27T00:00:00Z","7580449.181564617"
"0.0067504361","0.0068493150","0.0065514298","0.0065656018","0.0067174638","6792","XRP","","94122481.1910843","USD","rvYAfWj5gh67oV6fW32ZzP3Aw4Eubs59B","632264.3639186958","2016-05-02T23:56:40Z","2016-05-02T23:56:40Z","2016-04-30T00:00:00Z","12818674.413807103"
"0.0065754894","0.0065832784","0.0060747197","0.0062007377","0.0063061576","6112","XRP","","94318796.48779534","USD","rvYAfWj5gh67oV6fW32ZzP3Aw4Eubs59B","594789.1911869008","2016-05-05T23:33:42Z","2016-05-05T23:33:42Z","2016-05-03T00:00:00Z","20643645.82513876"
"0.0062007377","0.0065471810","0.0061971243","0.0063385374","0.0063732354","8614","XRP","","103773999.8223839","USD","rvYAfWj5gh67oV6fW32ZzP3Aw4Eubs59B","661376.1284932301","2016-05-08T23:59:31Z","2016-05-08T23:59:31Z","2016-05-06T00:00:00Z","21622044.72471771"
"0.0063331221","0.0064542905","0.0061239930","0.0061322048","0.0062856279","7500","XRP","","101298886.6737999","USD","rvYAfWj5gh67oV6fW32ZzP3Aw4Eubs59B","636727.1093011046","2016-05-11T23:48:12Z","2016-05-11T23:48:12Z","2016-05-09T00:00:00Z","19715539.654312324"
"0.0061349692","0.0061988736","0.0060006000","0.0060259234","0.0061066918","5748","XRP","","63686457.56705774","USD","rvYAfWj5gh67oV6fW32ZzP3Aw4Eubs59B","388913.5653769823","2016-05-14T23:59:12Z","2016-05-14T23:59:12Z","2016-05-12T00:00:00Z","828248.724059127"
"0.0060259234","0.0060496067","0.0059200793","0.0059401946","0.0059881718","5294","XRP","","58902975.86515595","USD","rvYAfWj5gh67oV6fW32ZzP3Aw4Eubs59B","352721.1406889128","2016-05-17T22:52:50Z","2016-05-17T22:52:50Z","2016-05-15T00:00:00Z","11703084.224785583"
"0.0059382422","0.0061312078","0.0058906053","0.0060064013","0.0060038625","12812","XRP","","190153053.421731","USD","rvYAfWj5gh67oV6fW32ZzP3Aw4Eubs59B","1141652.795854755","2016-05-20T23:58:40Z","2016-05-20T23:58:40Z","2016-05-18T00:00:00Z","37378276.0609675"
"0.0060049991","0.0060108751","0.0057812674","0.0058304999","0.0058685843","7464","XRP","","83659129.01746407","USD","rvYAfWj5gh67oV6fW32ZzP3Aw4Eubs59B","490960.6547170194","2016-05-23T23:45:21Z","2016-05-23T23:45:21Z","2016-05-21T00:00:00Z","14033503.197288174"
"0.0058291800","0.0060509999","0.0054865390","0.0056593095","0.0057029293","9358","XRP","","140002348.7586341","USD","rvYAfWj5gh67oV6fW32ZzP3Aw4Eubs59B","798423.4952927018","2016-05-26T23:58:40Z","2016-05-26T23:58:40Z","2016-05-24T00:00:00Z","30169653.834848434"
"0.0056529112","0.0057477888","0.0052628659","0.0055741917","0.0055432755","15402","XRP","","240589957.353928","USD","rvYAfWj5gh67oV6fW32ZzP3Aw4Eubs59B","1333656.420520861","2016-05-29T23:02:01Z","2016-05-29T23:02:01Z","2016-05-27T00:00:00Z","56298106.208357446"
"0.0055741917","0.0058424904","0.0053948474","0.0057736720","0.0056823816","15830","XRP","","238853211.2157654","USD","rvYAfWj5gh67oV6fW32ZzP3Aw4Eubs59B","1357255.092781615","2016-06-01T23:51:02Z","2016-06-01T23:51:02Z","2016-05-30T00:00:00Z","25536346.457648467"
"0.0057803467","0.0058139534","0.0056187861","0.0057504312","0.0057172896","10874","XRP","","136058098.0038759","USD","rvYAfWj5gh67oV6fW32ZzP3Aw4Eubs59B","777883.5500372215","2016-06-04T23:59:32Z","2016-06-04T23:59:32Z","2016-06-02T00:00:00Z","29532583.23548812"
"0.0057405281","0.0058377115","0.0056179775","0.0057273768","0.0057359018","11286","XRP","","230412016.0328625","USD","rvYAfWj5gh67oV6fW32ZzP3Aw4Eubs59B","1321620.692293795","2016-06-07T23:59:40Z","2016-06-07T23:59:40Z","2016-06-05T00:00:00Z","37308082.75421031"